metascore,userscore,genre
41,48,sports
77,69,action
76,79,racing
69,72,shooter
73,73,adventure
72,74,adventure
82,45,sports
76,53,sports
78,66,sports
56,59,misc
77,77,shooter
77,82,action
73,69,simulation
58,48,role-playing
58,63,racing
80,76,misc
68,49,sports
76,33,action
74,75,platform
77,79,misc
68,54,puzzle
65,78,misc
54,73,fighting
71,46,role-playing
81,82,puzzle
77,73,platform
81,70,misc
89,79,racing
87,83,fighting
87,83,simulation
89,75,platform
74,71,shooter
85,73,platform
41,42,puzzle
70,63,misc
45,58,strategy
35,54,misc
76,79,shooter
84,71,sports
72,58,simulation
65,64,strategy
69,73,platform
63,25,strategy
68,77,racing
61,69,racing
48,58,fighting
66,69,shooter
77,50,role-playing
61,62,shooter
78,63,simulation
71,45,action
60,76,puzzle
60,66,shooter
68,60,racing
79,77,adventure
79,85,strategy
74,76,sports
72,68,action
71,71,strategy
73,70,strategy
74,58,puzzle
71,73,puzzle
75,79,puzzle
73,72,adventure
75,53,platform
54,68,action
65,63,strategy
79,75,puzzle
78,80,racing
78,75,adventure
55,45,platform
80,65,racing
77,51,shooter
80,80,action
72,77,puzzle
59,28,misc
75,59,shooter
69,57,simulation
59,53,adventure
69,74,role-playing
65,54,fighting
83,69,misc
78,76,fighting
80,80,racing
76,76,simulation
70,67,adventure
64,61,shooter
40,40,sports
80,83,fighting
78,67,strategy
78,80,action
77,59,role-playing
63,58,platform
49,52,strategy
71,70,strategy
71,71,sports
74,76,fighting
73,52,puzzle
53,72,strategy
75,61,simulation
53,58,action
64,51,misc
56,51,action
40,50,platform
66,54,action
67,72,misc
62,52,misc
50,58,role-playing
66,83,strategy
78,77,fighting
74,68,role-playing
72,70,action
75,76,fighting
57,64,shooter
71,69,adventure
70,65,adventure
69,65,misc
50,40,puzzle
46,18,puzzle
70,74,simulation
59,73,misc
81,82,simulation
21,27,action
69,57,shooter
66,85,adventure
67,61,sports
66,67,puzzle
68,79,action
69,50,misc
66,71,shooter
80,80,strategy
80,84,platform
82,86,racing
73,64,sports
68,54,simulation
62,66,puzzle
76,79,strategy
47,42,adventure
37,49,racing
34,45,adventure
43,28,puzzle
30,16,puzzle
68,76,strategy
66,80,role-playing
63,57,shooter
75,66,strategy
53,65,role-playing
55,67,misc
64,73,action
57,69,adventure
83,80,sports
73,66,platform
72,47,action
40,47,simulation
36,38,shooter
64,72,sports
68,58,sports
52,68,puzzle
81,84,action
79,82,role-playing
78,79,action
79,78,platform
45,35,misc
60,36,simulation
19,12,role-playing
72,68,sports
74,56,platform
71,67,misc
73,72,puzzle
71,64,action
76,68,platform
78,73,platform
72,59,sports
72,70,action
66,75,puzzle
66,65,role-playing
74,72,racing
55,36,racing
79,76,role-playing
74,73,platform
77,74,misc
60,66,strategy
68,74,fighting
62,46,platform
78,38,misc
77,76,role-playing
72,83,puzzle
52,71,adventure
46,43,platform
66,69,misc
88,88,adventure
57,57,adventure
55,51,strategy
74,69,adventure
72,60,fighting
75,66,action
77,77,puzzle
74,69,sports
70,65,strategy
67,55,action
75,75,strategy
73,72,strategy
65,40,racing
59,42,misc
55,37,misc
82,82,role-playing
65,49,misc
81,67,racing
66,80,racing
50,61,misc
84,54,adventure
83,60,racing
72,70,sports
89,68,role-playing
88,67,action
88,62,adventure
73,68,action
77,78,racing
71,68,puzzle
78,77,strategy
76,73,adventure
75,77,simulation
77,81,strategy
71,71,action
71,72,simulation
81,54,fighting
74,72,shooter
69,69,platform
79,84,strategy
80,37,racing
80,75,sports
63,66,role-playing
78,78,shooter
46,45,puzzle
70,52,sports
69,44,simulation
29,30,shooter
71,86,adventure
74,75,platform
75,70,action
74,71,fighting
80,72,strategy
57,50,misc
61,73,action
50,62,simulation
72,80,strategy
77,71,racing
57,66,misc
69,65,fighting
82,79,misc
81,76,puzzle
82,85,role-playing
82,75,misc
76,21,platform
61,52,adventure
65,76,simulation
82,63,puzzle
78,75,shooter
73,76,adventure
69,68,adventure
49,50,puzzle
69,60,platform
67,48,fighting
67,56,action
64,47,puzzle
63,39,fighting
63,48,role-playing
62,41,puzzle
60,39,action
53,48,puzzle
85,72,action
80,63,racing
74,50,puzzle
70,72,adventure
84,78,fighting
83,79,role-playing
76,71,sports
71,64,fighting
66,57,platform
87,56,role-playing
86,56,strategy
83,59,racing
85,75,platform
84,68,fighting
81,72,sports
83,76,fighting
73,70,adventure
74,73,action
71,68,simulation
71,60,action
78,63,racing
76,69,misc
74,61,role-playing
72,66,racing
72,42,shooter
70,33,role-playing
70,50,role-playing
68,64,platform
64,54,shooter
72,76,action
71,72,action
79,70,simulation
85,65,role-playing
84,63,simulation
87,87,fighting
67,67,sports
85,84,misc
73,61,sports
63,66,misc
86,73,fighting
61,59,racing
57,69,puzzle
90,88,shooter
59,63,puzzle
73,71,strategy
76,84,simulation
75,82,shooter
74,70,simulation
74,70,fighting
62,70,role-playing
74,81,sports
79,79,action
78,77,fighting
75,76,strategy
81,75,puzzle
61,66,puzzle
78,80,strategy
71,70,misc
77,76,racing
77,64,action
74,70,simulation
75,70,shooter
74,70,adventure
72,72,misc
46,45,fighting
75,67,fighting
58,61,simulation
76,71,role-playing
69,78,adventure
77,72,shooter
73,69,role-playing
65,77,fighting
78,77,adventure
77,72,racing
74,70,sports
81,72,shooter
84,78,shooter
80,77,adventure
89,86,racing
87,84,simulation
77,81,action
76,80,sports
82,75,shooter
84,78,puzzle
73,76,strategy
52,50,misc
57,59,fighting
62,52,platform
78,76,fighting
49,46,simulation
74,64,shooter
71,70,adventure
80,75,strategy
69,57,racing
65,59,action
78,74,racing
78,66,role-playing
77,37,sports
73,81,misc
51,56,strategy
27,28,fighting
89,78,platform
90,84,sports
85,84,platform
87,78,adventure
85,68,platform
70,30,shooter
62,54,action
61,66,simulation
74,75,platform
68,67,platform
61,67,platform
60,57,platform
74,72,fighting
73,81,platform
77,25,role-playing
76,67,strategy
70,56,role-playing
71,71,puzzle
67,49,simulation
71,74,role-playing
70,58,racing
77,74,simulation
77,67,adventure
85,75,shooter
79,62,simulation
68,67,platform
64,69,sports
72,68,misc
74,64,strategy
70,65,platform
65,68,strategy
83,66,puzzle
73,70,platform
66,69,strategy
74,71,adventure
73,73,platform
73,72,misc
75,51,racing
73,65,racing
73,68,shooter
76,69,adventure
75,68,misc
67,64,puzzle
80,77,platform
84,66,racing
79,75,adventure
75,65,role-playing
80,80,strategy
81,83,action
73,67,racing
69,64,sports
65,62,platform
63,47,adventure
71,71,adventure
85,79,misc
71,72,role-playing
69,71,strategy
68,68,racing
89,79,strategy
88,71,platform
87,76,shooter
76,48,fighting
87,71,shooter
73,69,puzzle
78,73,racing
85,70,platform
81,61,strategy
73,51,shooter
71,51,strategy
71,40,sports
81,28,platform
78,26,shooter
73,21,fighting
77,74,adventure
77,77,puzzle
85,74,racing
65,66,simulation
77,74,strategy
78,70,misc
66,71,shooter
75,87,adventure
86,88,adventure
90,82,puzzle
84,81,misc
90,87,adventure
91,89,racing
92,84,racing
68,61,fighting
71,75,sports
84,84,sports
75,74,strategy
53,49,action
75,79,sports
63,58,fighting
70,70,racing
70,71,platform
43,60,platform
71,57,adventure
70,82,role-playing
66,67,platform
62,72,sports
62,57,sports
49,63,fighting
60,64,action
60,56,shooter
52,46,misc
72,78,platform
62,44,shooter
72,63,simulation
71,52,simulation
59,57,racing
68,77,action
94,86,puzzle
70,77,action
80,85,fighting
84,87,fighting
84,84,misc
80,69,strategy
51,64,simulation
65,65,sports
53,38,puzzle
74,64,misc
85,81,adventure
84,81,sports
83,72,action
53,52,misc
73,70,racing
86,89,shooter
60,56,platform
57,29,action
54,54,action
72,70,strategy
68,74,misc
66,70,puzzle
68,71,fighting
74,74,shooter
75,75,misc
58,62,strategy
78,70,action
71,65,shooter
70,69,platform
68,45,role-playing
75,75,simulation
58,62,fighting
78,76,misc
76,74,sports
84,77,puzzle
85,83,shooter
80,76,fighting
85,76,platform
83,75,simulation
79,78,puzzle
76,65,sports
66,82,strategy
75,74,action
83,70,racing
79,78,platform
79,65,shooter
62,50,role-playing
68,28,platform
42,53,fighting
72,75,puzzle
53,50,sports
76,61,simulation
72,71,strategy
70,83,action
65,74,platform
92,89,platform
87,90,shooter
69,62,adventure
82,86,shooter
77,73,shooter
80,79,racing
49,60,misc
66,69,sports
73,62,strategy
70,54,shooter
74,45,adventure
55,59,platform
77,79,sports
75,73,action
75,76,shooter
74,55,racing
43,38,action
76,65,adventure
73,81,misc
89,82,misc
64,77,shooter
72,76,strategy
80,74,strategy
82,74,puzzle
75,61,strategy
82,79,sports
80,78,role-playing
75,63,shooter
82,83,misc
71,71,platform
56,68,misc
53,58,misc
80,79,puzzle
80,80,shooter
69,78,racing
85,85,sports
81,83,adventure
45,44,adventure
62,64,shooter
60,57,puzzle
60,54,racing
65,70,adventure
62,68,simulation
54,70,shooter
58,65,racing
66,67,racing
77,65,puzzle
78,37,strategy
78,54,fighting
71,73,simulation
70,76,shooter
83,80,sports
68,66,strategy
76,69,strategy
81,73,sports
82,77,shooter
73,63,shooter
74,73,shooter
77,70,role-playing
72,73,misc
69,80,misc
72,76,shooter
90,85,simulation
81,79,strategy
67,59,simulation
80,78,platform
45,58,puzzle
44,44,platform
50,70,simulation
75,75,racing
51,52,simulation
82,73,racing
76,69,strategy
75,69,platform
72,53,shooter
82,65,racing
79,67,strategy
80,53,role-playing
75,52,adventure
46,60,action
67,66,role-playing
56,44,misc
48,43,adventure
72,50,simulation
71,69,role-playing
70,72,sports
62,66,strategy
83,77,strategy
67,74,simulation
64,60,puzzle
67,70,role-playing
66,59,fighting
63,72,strategy
83,57,puzzle
81,55,action
78,46,action
75,66,misc
72,67,fighting
75,58,platform
71,64,racing
85,41,fighting
83,41,sports
83,31,fighting
33,49,misc
81,69,racing
74,44,role-playing
81,45,misc
81,48,strategy
73,30,misc
74,54,simulation
74,38,sports
78,60,puzzle
78,43,racing
78,38,sports
68,21,strategy
70,58,racing
65,41,sports
78,36,action
77,38,role-playing
73,35,fighting
76,17,shooter
83,69,strategy
80,40,strategy
79,43,puzzle
73,34,strategy
71,28,role-playing
73,17,strategy
79,82,simulation
44,71,fighting
80,77,puzzle
72,74,action
78,69,strategy
76,70,platform
49,57,fighting
49,59,shooter
78,81,strategy
76,78,adventure
71,42,sports
81,86,platform
82,80,misc
79,76,sports
80,80,fighting
83,77,misc
63,69,fighting
52,72,fighting
51,59,sports
54,43,racing
49,40,strategy
58,64,racing
60,56,misc
72,59,misc
59,70,fighting
59,53,action
83,74,platform
76,75,action
53,73,fighting
83,78,action
79,74,platform
73,77,sports
77,78,adventure
74,58,strategy
72,38,adventure
74,69,racing
72,72,simulation
58,77,adventure
81,74,puzzle
79,77,sports
74,75,simulation
74,73,misc
80,80,platform
57,51,action
75,78,adventure
88,79,misc
52,56,fighting
58,61,role-playing
94,66,misc
92,83,sports
91,66,action
88,77,shooter
71,60,platform
67,71,action
78,83,platform
85,81,misc
76,78,simulation
76,72,puzzle
73,76,action
76,79,simulation
59,77,racing
64,68,platform
72,59,role-playing
79,77,role-playing
49,75,puzzle
59,68,action
73,66,shooter
84,85,fighting
83,79,sports
82,76,adventure
82,80,adventure
77,81,misc
84,86,racing
81,59,shooter
73,72,racing
85,48,misc
76,29,fighting
75,17,misc
62,64,sports
79,78,shooter
51,43,puzzle
71,78,simulation
65,66,shooter
75,77,strategy
74,64,strategy
74,56,fighting
69,63,action
64,69,fighting
64,68,fighting
77,88,adventure
44,32,fighting
40,61,shooter
81,60,platform
72,73,misc
47,17,simulation
85,89,platform
79,77,role-playing
80,62,strategy
67,73,misc
81,74,action
72,66,misc
81,61,role-playing
70,69,fighting
67,78,action
66,64,racing
69,39,adventure
67,58,action
66,58,platform
73,61,puzzle
67,68,fighting
69,74,strategy
63,63,adventure
58,35,shooter
74,73,misc
75,70,racing
72,77,strategy
76,73,fighting
69,43,sports
74,62,racing
47,38,puzzle
69,68,role-playing
66,73,puzzle
69,78,adventure
67,74,sports
66,68,platform
86,80,fighting
46,37,adventure
36,41,action
72,68,misc
72,75,fighting
77,75,simulation
70,70,action
71,77,role-playing
74,85,role-playing
62,63,fighting
89,78,puzzle
66,70,simulation
80,21,puzzle
81,62,strategy
80,62,adventure
80,69,strategy
68,64,fighting
68,55,shooter
64,57,platform
71,70,shooter
65,20,shooter
62,72,adventure
62,76,adventure
66,75,shooter
51,52,action
71,64,adventure
66,76,simulation
62,63,strategy
62,76,shooter
59,64,puzzle
72,55,fighting
60,70,puzzle
56,50,puzzle
58,70,sports
49,13,action
77,78,platform
71,72,misc
60,74,misc
44,72,platform
77,68,role-playing
76,73,action
78,74,adventure
73,70,misc
63,54,strategy
74,66,action
68,75,action
67,66,simulation
83,75,adventure
60,43,sports
55,29,sports
65,76,role-playing
80,85,racing
79,69,role-playing
78,83,puzzle
76,81,misc
78,78,racing
86,83,action
76,78,racing
71,65,misc
75,68,shooter
67,82,puzzle
55,68,strategy
55,65,platform
76,79,racing
64,62,fighting
69,68,adventure
61,62,action
49,13,shooter
74,73,adventure
59,69,shooter
86,81,racing
75,71,adventure
70,64,adventure
67,70,adventure
82,88,racing
77,76,puzzle
88,87,puzzle
63,65,shooter
71,74,adventure
87,77,fighting
85,67,simulation
86,75,simulation
76,66,racing
37,63,fighting
55,65,sports
63,71,fighting
74,80,platform
71,73,shooter
88,83,adventure
86,85,strategy
71,72,platform
76,72,shooter
67,70,role-playing
56,68,sports
59,58,strategy
54,71,strategy
53,50,platform
59,67,racing
74,67,strategy
72,73,sports
70,72,action
83,81,action
81,88,simulation
72,83,sports
67,70,platform
81,79,misc
80,77,strategy
80,87,platform
82,85,action
64,60,action
64,61,platform
69,60,strategy
68,41,fighting
63,46,role-playing
56,49,action
54,32,simulation
84,76,adventure
80,86,puzzle
80,75,adventure
41,42,puzzle
65,67,shooter
58,64,sports
91,72,misc
82,78,platform
79,76,fighting
82,74,platform
89,77,misc
87,80,adventure
79,74,fighting
89,84,role-playing
89,88,role-playing
87,86,racing
73,72,action
71,72,racing
82,82,platform
82,81,role-playing
86,65,simulation
84,64,racing
84,60,misc
83,77,puzzle
85,76,simulation
84,78,role-playing
83,76,racing
85,81,misc
82,63,simulation
78,50,misc
55,68,platform
85,81,puzzle
81,79,strategy
75,71,fighting
72,74,racing
70,75,puzzle
69,73,puzzle
63,75,misc
81,76,simulation
80,80,platform
80,84,adventure
74,73,platform
77,85,role-playing
86,79,strategy
84,73,platform
51,43,action
48,46,puzzle
72,74,role-playing
76,73,simulation
68,57,strategy
69,67,adventure
43,34,misc
71,66,strategy
64,61,shooter
58,62,shooter
91,80,fighting
89,84,strategy
89,75,shooter
87,75,shooter
59,62,strategy
56,64,platform
74,75,action
70,56,racing
67,45,puzzle
63,65,strategy
61,60,sports
68,79,platform
74,71,strategy
80,80,adventure
74,73,role-playing
69,69,sports
69,53,adventure
76,54,simulation
74,48,sports
72,51,action
43,74,misc
78,69,puzzle
70,56,adventure
50,36,adventure
56,47,sports
52,42,sports
51,43,fighting
74,37,puzzle
72,47,platform
72,53,misc
71,67,sports
78,61,strategy
70,59,platform
70,65,puzzle
70,76,platform
69,68,action
78,68,sports
53,70,misc
78,74,racing
70,65,platform
69,72,action
59,72,platform
63,76,strategy
60,60,racing
75,65,racing
68,50,role-playing
68,65,misc
74,74,strategy
62,56,action
79,76,puzzle
78,59,adventure
78,79,role-playing
71,75,action
71,70,role-playing
78,70,racing
77,77,fighting
67,75,puzzle
69,70,strategy
65,80,adventure
39,41,puzzle
70,54,sports
58,46,racing
63,77,action
64,66,simulation
60,42,platform
62,61,role-playing
57,58,adventure
72,77,action
70,71,role-playing
70,75,fighting
73,66,misc
75,84,puzzle
74,82,misc
71,62,shooter
76,70,platform
65,77,fighting
68,78,puzzle
47,50,sports
76,61,racing
75,55,platform
87,42,fighting
85,49,simulation
83,36,strategy
61,15,role-playing
57,11,fighting
57,15,puzzle
86,54,adventure
84,58,strategy
82,62,puzzle
63,28,puzzle
61,34,adventure
66,70,strategy
72,42,simulation
73,33,simulation
72,48,fighting
63,31,sports
89,52,action
86,62,shooter
69,75,sports
61,58,adventure
71,76,sports
83,79,adventure
83,69,role-playing
79,80,strategy
78,86,racing
88,85,action
84,76,platform
83,66,shooter
83,73,role-playing
81,63,shooter
75,64,platform
45,30,shooter
83,71,role-playing
76,85,shooter
75,81,platform
72,86,platform
90,89,misc
87,78,shooter
87,75,racing
71,69,misc
60,60,action
43,66,sports
59,59,misc
85,73,simulation
62,77,misc
67,70,shooter
81,68,racing
78,70,simulation
77,73,misc
88,41,strategy
88,79,role-playing
87,66,shooter
76,48,shooter
90,79,adventure
86,78,role-playing
69,71,fighting
75,80,sports
73,69,racing
68,64,role-playing
69,74,simulation
65,75,racing
68,75,shooter
66,63,misc
72,73,puzzle
31,46,simulation
65,64,adventure
51,67,role-playing
86,67,fighting
85,75,puzzle
78,59,adventure
86,87,strategy
86,81,sports
85,79,simulation
86,51,racing
84,57,platform
82,76,shooter
72,57,shooter
63,77,fighting
72,64,misc
73,73,misc
69,73,adventure
83,76,platform
76,77,fighting
78,76,role-playing
82,81,simulation
81,85,adventure
80,82,action
74,59,racing
91,84,simulation
88,72,misc
88,79,shooter
86,68,simulation
84,67,misc
82,70,shooter
81,69,sports
80,74,shooter
76,74,fighting
80,87,role-playing
80,82,puzzle
72,70,strategy
76,79,shooter
57,56,racing
57,67,fighting
63,59,misc
71,76,racing
73,47,puzzle
71,59,simulation
80,62,sports
78,58,puzzle
71,74,fighting
73,55,racing
51,53,shooter
67,69,strategy
67,75,action
76,77,role-playing
76,71,shooter
87,87,platform
88,77,shooter
88,79,shooter
93,88,action
92,77,strategy
92,76,shooter
85,76,adventure
85,69,simulation
86,75,sports
83,73,action
78,83,platform
71,63,simulation
66,55,platform
76,79,fighting
83,83,misc
83,89,action
86,86,fighting
56,56,puzzle
79,83,strategy
78,71,simulation
75,74,role-playing
77,76,shooter
75,63,sports
87,84,fighting
85,83,adventure
85,84,misc
79,85,misc
59,54,simulation
71,67,action
69,52,shooter
83,77,racing
90,65,platform
67,67,simulation
50,62,role-playing
49,63,fighting
61,35,action
81,66,strategy
80,72,platform
87,68,fighting
65,71,role-playing
69,64,fighting
89,74,misc
85,59,racing
85,70,fighting
74,56,puzzle
77,76,shooter
88,85,simulation
87,81,strategy
86,79,sports
85,75,misc
66,75,puzzle
61,70,role-playing
72,80,puzzle
69,77,misc
67,73,sports
73,79,shooter
72,75,racing
75,80,role-playing
68,71,puzzle
83,81,action
81,81,adventure
76,76,platform
77,76,misc
73,70,role-playing
81,84,role-playing
85,85,sports
86,87,racing
77,84,shooter
80,78,fighting
81,81,fighting
80,83,sports
78,82,adventure
63,59,racing
56,60,fighting
55,64,puzzle
59,61,racing
72,77,shooter
71,77,racing
67,65,role-playing
72,76,shooter
71,78,sports
67,46,shooter
73,75,fighting
39,55,puzzle
59,50,puzzle
71,62,misc
79,74,adventure
66,67,sports
80,74,sports
74,76,adventure
82,77,misc
77,74,shooter
72,72,role-playing
69,81,shooter
78,68,strategy
73,64,sports
49,65,misc
79,77,strategy
78,57,misc
67,55,racing
73,84,fighting
67,75,role-playing
80,68,puzzle
77,78,simulation
70,73,role-playing
61,69,adventure
75,77,strategy
88,82,strategy
83,71,puzzle
85,85,action
79,77,simulation
73,69,fighting
64,69,adventure
75,79,fighting
74,79,strategy
74,78,role-playing
86,81,misc
79,83,racing
78,79,fighting
38,55,strategy
70,74,strategy
63,69,puzzle
58,68,sports
83,77,role-playing
69,71,platform
65,40,misc
57,29,shooter
56,41,sports
67,75,puzzle
70,66,strategy
71,48,role-playing
54,69,platform
70,62,racing
70,61,simulation
79,58,role-playing
76,56,puzzle
77,55,fighting
75,36,puzzle
74,72,platform
74,69,strategy
73,69,simulation
71,71,adventure
69,81,sports
72,82,platform
68,76,misc
64,74,racing
72,71,action
61,54,fighting
56,55,simulation
54,58,fighting
73,70,action
66,72,role-playing
68,67,misc
78,80,action
79,73,shooter
72,69,simulation
77,71,racing
79,75,shooter
71,66,simulation
75,78,adventure
77,68,adventure
78,68,misc
65,60,simulation
77,77,misc
78,73,simulation
67,69,action
62,64,role-playing
58,64,racing
80,67,action
80,72,role-playing
77,71,platform
76,75,platform
79,75,sports
76,73,strategy
59,60,racing
68,43,shooter
82,79,sports
77,73,role-playing
80,77,racing
52,57,simulation
66,74,racing
43,44,shooter
70,76,fighting
84,77,role-playing
82,75,action
87,79,strategy
84,73,shooter
59,66,simulation
74,76,simulation
52,36,misc
76,75,shooter
71,73,strategy
73,66,racing
75,76,shooter
31,29,puzzle
59,54,simulation
82,69,sports
75,47,adventure
62,63,misc
77,79,puzzle
82,81,simulation
84,83,platform
80,66,strategy
80,81,sports
80,79,role-playing
79,87,platform
87,87,puzzle
81,77,racing
84,85,racing
60,62,adventure
71,68,adventure
69,46,strategy
75,67,role-playing
76,81,sports
79,74,strategy
78,63,sports
78,78,fighting
78,78,shooter
78,65,action
76,52,shooter
80,72,platform
61,68,platform
74,76,sports
77,43,fighting
76,43,role-playing
74,51,adventure
63,63,misc
71,81,adventure
69,70,shooter
77,81,racing
74,80,action
52,11,shooter
51,21,adventure
47,15,strategy
79,65,role-playing
66,65,role-playing
80,71,racing
77,64,simulation
61,48,action
65,64,fighting
64,61,sports
61,39,adventure
86,77,fighting
85,78,shooter
82,79,shooter
89,74,platform
86,76,action
84,72,shooter
84,78,misc
84,80,sports
83,76,platform
62,55,simulation
61,67,strategy
70,63,simulation
63,75,misc
59,63,fighting
71,59,fighting
80,76,adventure
61,75,puzzle
66,79,fighting
71,68,misc
66,65,misc
80,77,adventure
66,69,adventure
64,82,simulation
88,64,action
87,66,adventure
84,55,sports
78,50,misc
74,57,strategy
69,64,racing
67,49,platform
79,66,simulation
78,64,sports
75,64,role-playing
74,53,misc
64,59,platform
53,25,adventure
52,25,puzzle
49,24,racing
11,12,simulation
77,74,shooter
34,37,puzzle
73,84,shooter
88,83,racing
81,81,racing
85,77,role-playing
82,76,misc
80,68,misc
56,56,strategy
76,74,shooter
74,72,misc
82,67,adventure
81,68,simulation
78,60,adventure
72,36,role-playing
61,33,role-playing
57,51,misc
75,31,racing
73,34,role-playing
71,35,adventure
77,64,simulation
76,65,misc
74,53,shooter
80,77,sports
64,74,strategy
54,55,shooter
69,65,adventure
69,76,fighting
73,65,fighting
64,45,simulation
65,75,puzzle
73,70,puzzle
71,81,misc
81,86,puzzle
81,79,simulation
63,73,racing
67,77,simulation
77,72,misc
69,71,puzzle
67,70,role-playing
64,53,role-playing
73,51,racing
72,71,simulation
70,68,platform
70,73,sports
50,66,sports
46,41,adventure
42,64,fighting
65,72,action
71,50,racing
75,69,simulation
91,67,shooter
90,63,sports
88,58,misc
87,63,action
82,54,strategy
82,43,action
82,57,puzzle
84,44,fighting
82,44,sports
81,45,strategy
85,48,puzzle
84,51,shooter
84,41,role-playing
84,34,racing
83,30,strategy
81,26,role-playing
68,60,misc
83,17,shooter
83,20,sports
71,34,platform
68,47,action
79,72,fighting
86,66,action
69,63,racing
57,42,role-playing
23,28,racing
77,77,role-playing
75,75,role-playing
61,64,racing
52,18,sports
69,85,shooter
84,89,puzzle
85,90,fighting
76,79,platform
72,75,simulation
72,83,simulation
69,68,shooter
86,90,sports
84,87,simulation
83,90,fighting
86,84,misc
83,88,sports
83,71,action
86,73,fighting
86,84,puzzle
86,83,platform
89,86,sports
87,83,action
83,77,misc
81,76,role-playing
69,73,action
59,87,platform
65,88,sports
77,87,strategy
85,80,simulation
81,83,misc
64,68,racing
81,85,sports
86,84,role-playing
87,82,sports
88,76,simulation
88,82,fighting
74,79,racing
69,81,adventure
92,91,puzzle
79,71,misc
60,67,fighting
79,83,action
85,44,puzzle
81,69,role-playing
76,68,adventure
63,52,sports
72,78,sports
73,75,fighting
67,71,fighting
78,71,misc
68,69,fighting
69,61,platform
77,81,puzzle
82,82,role-playing
66,63,fighting
62,66,action
80,76,puzzle
76,75,fighting
53,53,puzzle
83,80,strategy
66,53,racing
65,49,fighting
61,45,role-playing
72,73,adventure
76,75,racing
71,66,fighting
91,72,racing
78,66,shooter
37,44,misc
80,77,misc
78,35,shooter
86,68,adventure
85,56,action
80,61,puzzle
81,69,platform
80,52,action
82,57,fighting
86,65,misc
67,74,adventure
77,71,role-playing
79,59,misc
78,61,platform
76,52,racing
78,36,action
79,73,shooter
72,77,adventure
67,75,action
65,76,role-playing
83,52,adventure
78,65,simulation
76,69,racing
78,53,platform
58,75,simulation
69,67,fighting
81,29,role-playing
78,39,adventure
83,56,platform
86,83,misc
61,80,platform
82,73,adventure
91,80,racing
86,69,simulation
87,77,strategy
87,75,puzzle
92,79,shooter
88,77,misc
79,60,role-playing
87,77,fighting
86,59,action
82,43,puzzle
57,50,action
69,59,racing
66,33,fighting
71,87,sports
69,74,sports
66,71,action
65,68,action
75,61,action
70,73,racing
79,76,misc
71,73,racing
69,59,sports
79,80,action
68,78,puzzle
27,24,role-playing
63,73,shooter
83,83,strategy
84,85,simulation
82,83,misc
73,83,sports
76,76,adventure
61,62,strategy
61,58,sports
53,55,racing
74,73,simulation
84,84,shooter
79,65,sports
76,72,simulation
84,72,puzzle
84,68,action
69,78,sports
84,84,role-playing
72,67,simulation
85,71,racing
75,62,shooter
66,60,role-playing
77,75,misc
76,72,action
61,77,adventure
43,42,adventure
50,52,action
77,77,racing
77,77,action
76,78,puzzle
74,75,simulation
76,68,misc
73,56,strategy
65,67,misc
74,77,simulation
62,67,fighting
62,66,fighting
56,61,puzzle
64,67,action
81,66,puzzle
85,67,platform
66,70,sports
82,71,simulation
78,60,puzzle
62,64,adventure
63,66,action
61,65,role-playing
68,80,puzzle
58,65,puzzle
69,65,simulation
64,64,racing
77,68,strategy
74,67,sports
72,69,puzzle
80,71,adventure
77,77,misc
73,71,puzzle
80,79,adventure
77,73,puzzle
75,73,fighting
80,78,sports
75,69,role-playing
70,64,misc
80,78,shooter
77,77,fighting
70,71,puzzle
76,77,action
73,77,sports
69,69,racing
24,34,simulation
69,65,racing
63,68,fighting
73,86,role-playing
62,80,racing
58,75,platform
72,77,platform
68,71,puzzle
71,68,shooter
64,68,strategy
57,56,shooter
86,67,sports
84,69,racing
82,76,misc
73,36,fighting
53,65,platform
63,62,puzzle
54,56,simulation
32,36,fighting
50,57,fighting
70,34,misc
67,53,racing
64,41,strategy
68,76,misc
85,75,fighting
82,77,adventure
79,62,simulation
75,75,racing
73,83,sports
71,74,racing
80,75,puzzle
72,61,action
62,60,sports
75,82,misc
32,4,fighting
30,10,strategy
32,47,simulation
77,77,fighting
74,74,puzzle
76,84,fighting
74,83,shooter
73,64,racing
77,69,simulation
62,76,misc
62,66,racing
58,58,shooter
53,62,shooter
73,69,simulation
69,75,shooter
71,72,strategy
70,72,action
76,66,racing
58,68,action
94,91,racing
73,75,simulation
81,80,strategy
74,71,sports
64,64,role-playing
38,31,fighting
79,73,fighting
78,84,misc
57,69,adventure
50,48,puzzle
86,54,adventure
85,45,fighting
79,77,sports
80,78,misc
84,85,sports
83,79,puzzle
65,66,racing
77,79,fighting
75,60,sports
64,65,shooter
63,54,puzzle
78,75,action
76,83,adventure
97,78,shooter
97,83,fighting
96,77,fighting
80,77,role-playing
69,67,strategy
67,70,adventure
67,66,adventure
62,70,strategy
70,50,shooter
69,68,action
75,71,fighting
75,77,simulation
83,86,platform
80,81,strategy
80,81,racing
71,75,role-playing
75,53,sports
77,74,sports
80,58,shooter
78,63,sports
83,85,racing
84,72,shooter
84,80,action
80,77,adventure
74,76,sports
71,61,racing
69,60,puzzle
59,65,role-playing
84,86,role-playing
84,86,strategy
75,73,sports
74,61,misc
74,73,puzzle
71,74,shooter
70,60,adventure
55,74,adventure
87,83,racing
87,83,adventure
84,76,shooter
83,80,shooter
85,37,platform
88,73,sports
90,77,misc
88,70,adventure
87,76,simulation
86,79,adventure
56,59,fighting
72,50,sports
90,81,simulation
81,73,puzzle
83,78,misc
86,81,simulation
84,79,shooter
86,78,shooter
81,51,sports
80,62,misc
68,64,racing
41,34,role-playing
82,83,adventure
80,79,role-playing
86,81,sports
83,84,strategy
67,35,role-playing
64,78,puzzle
54,62,fighting
74,76,strategy
69,74,racing
80,76,puzzle
61,50,platform
81,72,misc
59,56,platform
72,76,racing
70,41,puzzle
66,41,puzzle
73,53,sports
82,78,platform
75,67,action
83,73,racing
75,76,strategy
71,77,shooter
69,61,platform
84,64,sports
79,60,puzzle
70,58,misc
81,71,simulation
70,63,role-playing
53,45,racing
66,61,sports
85,74,platform
80,73,puzzle
79,75,fighting
78,77,adventure
82,72,sports
82,70,strategy
80,71,platform
81,83,role-playing
71,70,racing
73,67,misc
67,64,fighting
73,75,fighting
56,52,platform
73,76,racing
44,62,racing
70,60,role-playing
74,78,simulation
46,42,action
59,65,misc
61,65,misc
53,72,shooter
68,73,shooter
72,64,puzzle
54,77,simulation
43,46,misc
81,80,sports
81,85,shooter
84,76,fighting
84,76,shooter
78,73,simulation
80,81,role-playing
73,77,role-playing
77,70,shooter
74,76,sports
72,72,platform
76,70,action
68,74,racing
88,61,racing
82,60,strategy
78,65,shooter
84,62,misc
79,44,adventure
84,42,role-playing
85,54,simulation
83,72,fighting
79,75,simulation
74,67,racing
72,76,role-playing
36,29,racing
78,79,sports
78,83,puzzle
64,73,action
83,81,shooter
81,81,strategy
88,73,puzzle
83,69,puzzle
81,80,simulation
42,43,racing
38,45,shooter
39,47,simulation
66,68,role-playing
86,60,adventure
62,68,racing
65,43,shooter
65,36,action
69,73,role-playing
86,64,puzzle
68,72,adventure
87,63,misc
47,57,sports
71,68,role-playing
69,65,shooter
66,66,role-playing
52,52,strategy
79,74,misc
84,79,adventure
83,73,puzzle
84,59,strategy
84,69,racing
79,67,sports
79,57,sports
75,73,strategy
71,71,platform
70,72,misc
81,67,platform
77,52,shooter
75,44,adventure
75,38,misc
84,70,fighting
82,73,action
82,86,misc
77,66,platform
72,42,racing
69,22,simulation
79,71,platform
79,72,role-playing
76,74,misc
75,63,simulation
36,52,platform
87,90,strategy
90,88,puzzle
69,60,role-playing
68,48,racing
54,38,fighting
49,45,simulation
48,40,racing
72,71,role-playing
47,60,misc
86,82,fighting
79,79,sports
29,28,sports
58,67,shooter
82,80,strategy
77,78,adventure
76,81,puzzle
89,83,racing
83,73,strategy
76,81,strategy
85,86,puzzle
85,84,racing
75,76,puzzle
74,76,strategy
60,70,racing
55,56,strategy
67,65,strategy
65,63,shooter
67,59,role-playing
58,77,action
79,78,adventure
78,71,role-playing
77,74,misc
78,78,strategy
72,75,misc
77,75,shooter
70,78,fighting
73,66,shooter
67,68,shooter
65,69,action
55,53,fighting
44,38,action
75,74,misc
84,83,fighting
80,77,simulation
76,70,racing
88,79,adventure
68,71,sports
54,60,action
69,77,racing
67,70,puzzle
70,73,shooter
71,70,adventure
82,62,shooter
76,83,misc
70,74,fighting
78,81,platform
66,60,puzzle
60,46,racing
51,47,strategy
59,48,adventure
74,74,misc
70,72,platform
75,75,racing
60,68,role-playing
82,76,platform
53,68,strategy
80,73,fighting
84,75,role-playing
74,75,action
87,76,platform
87,79,adventure
83,66,racing
71,72,shooter
88,79,misc
74,60,simulation
70,71,fighting
78,80,action
74,74,fighting
73,60,simulation
51,81,adventure
49,62,puzzle
63,49,sports
45,54,role-playing
74,75,action
68,80,adventure
54,44,action
78,79,action
72,77,fighting
70,72,platform
70,71,fighting
77,82,puzzle
77,74,action
74,76,platform
75,71,shooter
74,69,adventure
73,74,misc
80,80,misc
67,70,simulation
20,17,racing
75,77,fighting
68,67,shooter
75,70,strategy
66,58,simulation
56,65,fighting
45,55,role-playing
89,82,fighting
87,81,strategy
86,76,simulation
88,73,action
80,72,fighting
67,59,shooter
46,75,fighting
40,54,sports
67,48,platform
64,33,strategy
63,68,simulation
93,83,strategy
91,83,adventure
87,86,role-playing
91,82,misc
68,72,adventure
74,86,platform
78,87,shooter
90,76,racing
89,75,sports
61,31,racing
62,66,racing
82,79,action
82,69,simulation
69,66,sports
70,67,puzzle
75,53,role-playing
55,67,shooter
49,62,simulation
75,73,adventure
80,77,platform
69,72,adventure
48,56,puzzle
61,45,sports
69,65,sports
75,60,adventure
77,79,platform
71,76,fighting
52,65,role-playing
74,77,role-playing
62,55,action
63,43,fighting
52,43,puzzle
58,21,platform
67,63,racing
75,77,role-playing
64,63,fighting
57,74,simulation
62,65,adventure
71,70,strategy
81,64,strategy
79,79,sports
78,68,shooter
44,49,sports
61,72,platform
65,63,adventure
79,68,action
79,64,shooter
73,57,role-playing
72,70,role-playing
74,71,fighting
92,84,shooter
65,69,misc
61,64,racing
61,55,platform
60,41,strategy
56,44,platform
54,57,sports
76,70,adventure
56,60,platform
76,62,action
69,72,shooter
68,70,action
74,56,fighting
73,64,role-playing
71,69,puzzle
72,72,action
70,61,action
68,51,adventure
65,52,shooter
72,76,racing
72,57,shooter
70,74,role-playing
73,58,platform
73,67,adventure
66,61,action
73,66,puzzle
73,67,sports
72,52,adventure
75,59,sports
71,57,adventure
77,47,fighting
72,58,puzzle
66,78,shooter
83,81,role-playing
76,63,simulation
67,70,misc
81,74,shooter
74,75,simulation
86,84,misc
81,81,fighting
77,73,strategy
88,67,simulation
84,79,sports
79,73,sports
78,77,puzzle
78,70,shooter
75,72,sports
78,80,simulation
81,75,simulation
82,77,misc
91,66,sports
90,63,strategy
88,82,platform
77,62,platform
74,70,fighting
64,66,sports
76,65,sports
82,73,sports
62,70,simulation
76,76,strategy
64,71,sports
64,59,fighting
65,73,simulation
67,73,sports
60,38,puzzle
66,74,role-playing
83,88,adventure
53,72,misc
73,63,adventure
86,65,role-playing
71,64,fighting
75,76,adventure
75,73,puzzle
79,65,shooter
68,52,role-playing
78,88,sports
73,68,role-playing
72,67,action
60,50,misc
66,66,action
66,60,racing
64,46,misc
74,76,strategy
76,81,misc
69,72,strategy
68,75,racing
54,47,simulation
75,85,simulation
76,82,shooter
84,89,misc
84,80,strategy
80,71,misc
84,81,puzzle
72,74,action
81,67,platform
73,63,role-playing
74,71,adventure
82,73,role-playing
80,78,puzzle
77,72,action
71,63,sports
68,54,action
67,54,platform
80,57,platform
79,69,strategy
67,53,simulation
78,51,shooter
73,80,adventure
57,70,platform
66,73,misc
73,74,simulation
81,85,shooter
80,87,platform
69,68,puzzle
80,76,shooter
72,63,sports
76,72,puzzle
54,65,shooter
69,76,misc
71,68,racing
62,58,role-playing
67,57,simulation
57,83,platform
71,75,role-playing
64,47,action
76,76,fighting
51,54,shooter
68,67,platform
77,75,strategy
73,76,shooter
71,72,puzzle
69,70,misc
52,71,role-playing
68,59,puzzle
65,51,racing
43,40,simulation
58,53,adventure
79,82,shooter
77,78,action
76,79,role-playing
82,68,adventure
49,64,adventure
45,61,role-playing
75,76,shooter
75,67,action
73,74,role-playing
72,72,simulation
80,72,puzzle
79,76,fighting
77,79,fighting
35,63,fighting
74,66,fighting
73,56,action
72,59,platform
84,55,action
82,68,platform
81,73,platform
75,75,shooter
75,72,puzzle
76,76,misc
73,59,fighting
72,69,misc
59,65,fighting
73,66,role-playing
53,75,misc
76,66,shooter
76,58,sports
78,72,misc
74,76,shooter
72,76,shooter
80,80,fighting
72,70,shooter
73,73,puzzle
64,62,sports
46,50,misc
80,75,role-playing
37,79,strategy
62,75,adventure
82,81,racing
85,81,adventure
67,69,puzzle
64,75,platform
62,59,sports
54,61,misc
54,60,strategy
71,77,action
36,15,platform
64,44,fighting
62,67,strategy
77,73,puzzle
74,70,sports
73,69,adventure
80,83,racing
78,77,strategy
77,68,puzzle
77,74,misc
62,66,adventure
75,75,puzzle
74,65,puzzle
72,70,role-playing
80,70,platform
80,72,misc
73,73,sports
73,73,simulation
64,69,fighting
72,72,misc
70,66,misc
70,71,fighting
83,77,role-playing
82,79,puzzle
78,81,puzzle
76,74,shooter
74,74,puzzle
73,71,misc
71,53,fighting
71,71,adventure
78,75,platform
76,70,adventure
72,78,role-playing
72,66,adventure
69,69,action
74,69,shooter
69,46,racing
65,68,adventure
54,56,platform
71,63,role-playing
69,64,shooter
66,66,misc
59,70,shooter
67,69,fighting
66,70,fighting
56,83,action
71,65,fighting
73,77,racing
63,67,racing
72,64,strategy
72,72,sports
82,77,puzzle
56,49,role-playing
41,65,role-playing
77,64,sports
68,80,action
70,65,fighting
69,78,shooter
69,68,shooter
72,76,simulation
67,66,shooter
71,74,racing
73,72,role-playing
77,68,racing
63,56,fighting
85,86,fighting
83,87,sports
81,58,role-playing
80,54,simulation
80,51,action
79,49,sports
74,41,action
73,45,role-playing
77,78,puzzle
77,80,adventure
80,77,sports
79,82,adventure
78,76,platform
79,80,fighting
81,77,racing
77,74,sports
75,64,strategy
80,73,racing
77,85,puzzle
77,85,platform
75,82,puzzle
78,83,shooter
77,87,fighting
73,85,role-playing
81,82,shooter
80,87,adventure
80,89,misc
81,85,adventure
76,86,simulation
74,87,adventure
83,83,role-playing
81,83,adventure
80,86,puzzle
59,67,puzzle
57,69,shooter
60,46,shooter
49,51,strategy
72,73,puzzle
69,68,sports
68,63,shooter
66,74,fighting
71,68,role-playing
83,83,puzzle
77,55,racing
78,87,sports
57,55,adventure
70,72,puzzle
57,42,action
79,75,strategy
68,75,misc
71,69,shooter
62,77,puzzle
83,77,strategy
81,81,strategy
78,79,simulation
79,83,shooter
62,60,sports
77,37,simulation
58,64,platform
79,72,shooter
88,86,adventure
77,70,fighting
73,76,simulation
69,69,action
53,65,sports
72,73,racing
59,59,sports
48,40,simulation
79,72,action
79,77,action
74,75,platform
89,77,misc
81,73,sports
81,80,simulation
76,80,strategy
71,54,simulation
71,72,racing
68,78,racing
52,64,racing
73,69,shooter
71,66,shooter
68,65,simulation
71,78,role-playing
72,78,strategy
77,71,racing
61,62,action
59,62,adventure
59,78,sports
69,73,strategy
69,65,racing
68,69,simulation
65,58,racing
82,74,adventure
80,74,adventure
82,70,fighting
84,81,simulation
59,61,sports
48,33,fighting
76,70,misc
64,50,action
83,74,simulation
80,68,puzzle
74,83,fighting
86,85,strategy
83,81,sports
80,52,shooter
83,79,role-playing
70,76,action
77,60,shooter
73,59,sports
77,79,shooter
50,52,simulation
73,78,fighting
72,77,adventure
69,78,platform
75,68,strategy
81,61,misc
80,62,racing
84,60,role-playing
83,59,simulation
83,54,racing
82,44,action
82,37,misc
82,45,strategy
81,33,misc
80,23,role-playing
74,52,puzzle
73,58,racing
68,52,strategy
67,48,platform
62,36,platform
68,70,fighting
74,85,racing
69,67,action
77,61,puzzle
77,61,strategy
60,32,fighting
77,69,racing
67,63,puzzle
72,63,role-playing
69,57,simulation
69,73,shooter
61,74,platform
49,41,role-playing
70,75,puzzle
65,74,strategy
81,78,shooter
81,74,sports
62,62,racing
69,72,role-playing
79,74,simulation
71,71,action
77,78,shooter
66,64,action
74,74,simulation
71,69,puzzle
84,77,sports
81,81,action
76,76,fighting
81,85,misc
66,63,adventure
65,79,misc
60,68,action
55,61,role-playing
85,85,action
82,80,misc
78,75,adventure
78,81,action
88,89,sports
92,87,simulation
87,90,misc
90,89,racing
66,64,puzzle
57,60,action
68,71,racing
59,68,adventure
62,73,fighting
75,71,simulation
69,69,shooter
58,53,puzzle
70,75,sports
70,75,shooter
50,71,fighting
91,80,fighting
59,72,fighting
50,50,action
58,67,role-playing
81,82,puzzle
68,78,adventure
74,77,fighting
68,62,simulation
77,50,puzzle
72,45,strategy
69,52,misc
74,52,adventure
72,56,role-playing
70,54,puzzle
72,57,shooter
70,43,shooter
72,68,simulation
70,38,racing
65,62,simulation
73,60,simulation
71,61,simulation
68,64,puzzle
72,65,shooter
68,71,simulation
78,74,sports
87,87,role-playing
75,67,sports
76,67,simulation
70,58,simulation
76,87,role-playing
68,72,simulation
89,58,racing
84,79,puzzle
75,68,simulation
85,76,fighting
76,49,fighting
72,49,racing
71,49,role-playing
60,67,fighting
73,60,platform
72,68,platform
74,69,misc
59,59,simulation
76,77,shooter
76,62,adventure
74,39,puzzle
71,52,role-playing
72,72,strategy
87,77,sports
72,74,racing
73,69,action
67,30,adventure
69,74,platform
68,53,role-playing
55,54,sports
74,64,strategy
82,80,fighting
80,85,racing
79,75,shooter
77,82,shooter
85,77,misc
80,70,shooter
77,64,adventure
77,77,simulation
83,78,racing
79,80,strategy
73,74,action
71,72,puzzle
77,73,sports
84,86,fighting
80,75,sports
80,84,role-playing
60,66,platform
69,74,platform
71,70,strategy
71,66,fighting
69,71,sports
61,66,role-playing
72,66,platform
56,74,strategy
71,71,puzzle
78,74,fighting
71,74,sports
65,75,simulation
58,59,racing
79,81,action
68,63,action
57,64,fighting
67,51,shooter
70,79,role-playing
68,72,fighting
63,64,sports
76,65,racing
70,58,puzzle
69,72,fighting
83,80,racing
81,85,sports
80,76,adventure
76,55,shooter
75,63,platform
72,70,strategy
95,74,platform
93,82,racing
91,78,simulation
78,79,strategy
62,20,racing
60,14,simulation
54,12,action
61,54,shooter
68,58,fighting
81,63,puzzle
83,68,simulation
82,67,sports
80,68,misc
84,76,strategy
84,79,fighting
83,79,action
82,85,puzzle
60,68,misc
64,54,puzzle
85,89,fighting
76,77,sports
57,60,adventure
59,38,role-playing
58,34,role-playing
57,50,adventure
64,36,shooter
87,80,misc
84,79,strategy
84,80,sports
68,64,adventure
81,37,adventure
80,39,shooter
75,34,platform
71,73,puzzle
66,53,fighting
67,49,fighting
72,69,shooter
76,78,adventure
49,53,strategy
55,41,role-playing
52,35,fighting
52,36,simulation
48,43,role-playing
73,76,shooter
80,77,racing
67,77,simulation
50,50,racing
44,52,role-playing
74,71,strategy
59,67,role-playing
75,68,fighting
62,65,simulation
89,65,shooter
84,75,platform
77,45,adventure
71,41,strategy
71,36,platform
61,39,fighting
59,38,role-playing
53,41,shooter
75,61,simulation
73,42,role-playing
73,61,racing
72,53,role-playing
71,51,shooter
68,50,puzzle
72,63,sports
71,17,fighting
71,26,platform
68,37,adventure
74,48,simulation
71,71,adventure
86,73,misc
77,73,role-playing
88,67,simulation
52,60,fighting
77,77,adventure
86,85,puzzle
69,65,action
81,69,platform
80,79,fighting
79,72,role-playing
74,54,action
76,72,adventure
74,37,action
73,55,role-playing
74,52,simulation
72,57,shooter
69,56,racing
63,66,fighting
58,36,platform
76,78,fighting
75,75,shooter
83,76,fighting
80,77,sports
85,72,shooter
85,69,strategy
82,63,puzzle
85,69,role-playing
57,69,adventure
62,63,racing
53,57,action
62,64,sports
54,62,misc
73,72,action
76,73,puzzle
83,77,strategy
55,68,fighting
53,61,action
87,82,shooter
87,78,puzzle
85,84,adventure
69,83,racing
67,71,simulation
72,67,shooter
82,82,platform
79,80,role-playing
86,86,strategy
85,80,action
80,84,sports
79,81,misc
90,72,sports
90,76,simulation
88,61,platform
67,77,fighting
62,87,simulation
73,67,strategy
66,72,misc
39,50,sports
62,63,fighting
84,73,platform
83,82,misc
81,72,action
74,75,sports
74,69,adventure
72,61,action
62,59,role-playing
48,55,shooter
65,67,misc
85,78,sports
81,87,fighting
86,75,racing
83,78,action
76,55,puzzle
85,77,simulation
85,80,shooter
70,69,fighting
78,53,fighting
77,76,sports
72,73,platform
49,54,fighting
73,65,adventure
68,34,platform
66,49,platform
81,85,sports
78,68,adventure
67,73,shooter
59,81,racing
72,68,simulation
72,56,strategy
70,62,action
66,69,shooter
73,64,puzzle
73,73,simulation
64,71,strategy
68,68,action
78,84,platform
69,70,action
59,73,adventure
59,69,role-playing
51,71,shooter
63,68,platform
78,72,action
72,74,adventure
78,80,sports
67,71,role-playing
80,68,platform
61,50,simulation
85,82,strategy
84,73,action
83,69,misc
80,79,shooter
78,81,platform
76,76,strategy
42,38,sports
75,69,fighting
66,62,puzzle
65,65,puzzle
59,67,puzzle
78,69,sports
69,70,fighting
68,75,sports
70,67,simulation
67,57,misc
77,81,simulation
73,70,puzzle
64,80,strategy
59,65,misc
82,65,strategy
88,56,sports
80,81,fighting
74,74,misc
66,70,strategy
72,74,racing
74,79,action
71,74,platform
74,75,platform
72,70,action
71,59,racing
80,81,misc
80,84,sports
79,80,puzzle
77,71,sports
70,69,platform
70,72,misc
66,65,role-playing
61,56,shooter
60,58,adventure
66,62,simulation
68,83,platform
64,54,shooter
66,44,role-playing
64,48,action
60,72,role-playing
53,60,shooter
80,85,action
64,58,adventure
73,59,sports
62,63,strategy
85,71,fighting
86,57,role-playing
85,65,sports
83,69,strategy
82,62,platform
87,67,action
86,61,puzzle
90,60,action
88,64,role-playing
85,15,racing
80,17,fighting
74,44,racing
83,28,sports
82,26,fighting
76,26,sports
43,26,action
36,31,simulation
59,56,platform
53,68,platform
60,56,puzzle
59,60,puzzle
72,53,role-playing
72,60,strategy
75,69,puzzle
73,65,racing
68,63,fighting
67,72,puzzle
66,58,misc
63,67,action
59,46,role-playing
66,70,shooter
65,77,shooter
68,53,platform
62,33,platform
61,37,shooter
61,41,puzzle
79,76,simulation
78,44,misc
86,76,racing
80,62,action
76,35,action
75,58,fighting
70,33,action
81,77,puzzle
77,77,platform
74,75,action
63,65,racing
67,66,fighting
62,71,adventure
71,72,shooter
73,80,shooter
57,46,misc
85,81,puzzle
73,66,sports
72,63,role-playing
66,67,sports
71,68,fighting
68,71,fighting
74,69,action
65,58,platform
74,53,adventure
66,50,action
74,70,adventure
52,46,racing
43,30,fighting
70,78,sports
77,80,action
78,73,fighting
84,80,strategy
80,73,platform
88,79,adventure
84,67,role-playing
60,37,simulation
59,31,action
80,60,sports
78,54,sports
78,56,adventure
77,40,simulation
77,38,platform
75,35,misc
82,67,action
80,53,simulation
84,74,action
81,68,platform
49,63,puzzle
42,46,strategy
41,51,platform
81,68,misc
80,63,strategy
73,59,adventure
75,75,simulation
88,89,role-playing
84,86,sports
79,71,racing
90,91,puzzle
90,85,adventure
88,78,puzzle
87,74,strategy
85,81,fighting
46,30,strategy
67,72,sports
66,68,puzzle
66,64,racing
75,76,sports
75,65,strategy
76,63,misc
73,64,racing
67,63,shooter
66,69,shooter
69,75,fighting
66,76,shooter
72,72,strategy
77,68,strategy
68,64,puzzle
69,72,adventure
77,79,action
65,74,puzzle
88,85,action
85,66,platform
84,67,shooter
79,62,racing
76,73,action
54,30,misc
70,68,adventure
71,46,puzzle
61,29,racing
77,77,simulation
52,53,puzzle
80,75,shooter
74,67,racing
70,53,shooter
79,72,simulation
68,61,simulation
70,67,puzzle
75,71,racing
75,68,platform
74,64,role-playing
75,63,sports
71,65,action
88,76,strategy
82,63,simulation
76,77,platform
78,77,fighting
69,70,action
63,40,puzzle
86,76,misc
78,77,platform
77,75,racing
75,80,shooter
74,73,racing
71,81,role-playing
66,72,sports
66,71,role-playing
80,61,racing
79,82,strategy
69,68,misc
69,76,platform
83,87,misc
84,78,simulation
87,77,strategy
72,80,puzzle
83,82,platform
75,71,fighting
87,81,sports
69,67,strategy
78,74,fighting
92,77,simulation
87,80,fighting
87,82,shooter
89,86,strategy
69,77,strategy
80,81,simulation
76,65,action
73,67,misc
75,76,strategy
79,78,misc
78,65,racing
86,65,fighting
85,70,role-playing
82,57,simulation
83,58,fighting
58,70,sports
64,61,puzzle
75,69,platform
74,69,sports
54,49,strategy
77,64,role-playing
66,73,simulation
60,64,simulation
35,23,action
74,74,platform
76,68,adventure
42,67,misc
46,70,strategy
49,73,action
66,79,sports
68,53,adventure
68,72,adventure
65,35,adventure
57,34,sports
41,43,racing
57,68,platform
80,87,sports
74,49,fighting
74,56,fighting
71,65,racing
67,49,misc
77,62,sports
75,61,fighting
70,73,platform
66,72,simulation
72,78,simulation
66,72,strategy
63,32,platform
83,79,sports
81,56,strategy
72,65,shooter
78,80,racing
62,68,role-playing
88,86,action
88,87,puzzle
88,87,puzzle
88,77,misc
74,65,shooter
36,57,action
77,72,platform
55,62,misc
53,55,adventure
48,73,strategy
85,78,sports
86,82,strategy
89,72,simulation
92,34,role-playing
68,72,strategy
61,72,strategy
83,73,puzzle
80,83,puzzle
78,78,action
77,64,sports
76,64,strategy
68,71,action
79,75,puzzle
77,77,shooter
73,79,role-playing
81,78,action
80,65,racing
78,78,sports
83,62,fighting
81,80,misc
81,72,sports
83,83,action
77,79,simulation
51,52,role-playing
74,74,racing
64,65,adventure
91,67,strategy
91,59,adventure
90,64,sports
71,70,simulation
88,77,shooter
88,66,sports
87,75,adventure
83,61,misc
80,77,role-playing
79,76,strategy
78,73,sports
81,76,shooter
80,73,racing
79,71,puzzle
58,65,platform
78,66,role-playing
77,74,platform
77,80,platform
80,77,role-playing
86,75,puzzle
64,66,misc
74,74,misc
68,74,platform
63,53,puzzle
76,72,strategy
75,57,simulation
74,80,misc
73,67,puzzle
69,62,sports
85,85,adventure
70,77,racing
85,76,sports
48,38,strategy
61,53,action
64,74,adventure
65,66,puzzle
51,69,strategy
48,66,fighting
37,50,role-playing
34,69,strategy
72,55,platform
86,81,adventure
83,75,platform
73,73,fighting
76,84,role-playing
74,75,sports
79,37,adventure
60,51,action
71,42,adventure
65,34,fighting
77,72,puzzle
71,62,platform
77,73,simulation
63,51,puzzle
61,64,adventure
56,63,racing
56,65,misc
73,60,platform
93,85,fighting
76,45,platform
93,87,platform
72,78,racing
75,69,puzzle
83,52,sports
53,77,puzzle
67,66,adventure
64,75,platform
73,74,strategy
73,63,sports
81,83,action
81,84,action
81,85,strategy
61,71,sports
86,76,sports
73,71,platform
68,71,fighting
66,70,misc
67,72,shooter
63,77,sports
87,87,puzzle
76,78,fighting
74,65,sports
59,66,racing
89,83,simulation
88,77,strategy
86,78,strategy
85,76,racing
76,75,misc
79,74,platform
84,77,adventure
74,35,fighting
80,67,racing
82,76,shooter
78,55,racing
80,76,puzzle
62,75,role-playing
71,76,simulation
77,78,fighting
79,74,puzzle
78,78,platform
80,60,puzzle
77,75,puzzle
51,44,role-playing
53,31,shooter
50,28,racing
72,70,puzzle
72,73,shooter
84,76,puzzle
73,75,platform
82,72,misc
53,61,puzzle
85,68,platform
76,77,platform
72,70,fighting
72,62,shooter
63,63,racing
84,77,fighting
50,45,strategy
59,52,misc
62,56,strategy
84,70,action
78,71,strategy
78,77,puzzle
76,75,racing
75,75,strategy
81,77,strategy
80,78,shooter
77,77,role-playing
67,70,simulation
86,46,racing
85,50,puzzle
72,33,sports
75,75,action
63,75,racing
59,67,action
69,65,role-playing
63,68,puzzle
83,79,racing
75,76,adventure
76,81,simulation
65,65,role-playing
59,48,platform
82,88,action
76,78,action
70,74,action
54,58,racing
87,87,simulation
59,62,sports
83,87,role-playing
75,65,strategy
64,68,sports
49,52,fighting
58,62,puzzle
56,61,sports
87,84,misc
69,83,simulation
84,90,adventure
84,90,puzzle
87,86,sports
88,87,shooter
80,61,strategy
79,61,sports
75,70,adventure
76,73,role-playing
79,75,puzzle
76,71,role-playing
64,43,racing
73,69,adventure
84,75,strategy
63,28,simulation
86,74,puzzle
77,79,sports
71,73,fighting
54,56,platform
77,62,strategy
74,72,shooter
71,65,action
54,67,misc
30,48,shooter
43,60,fighting
65,56,fighting
64,69,platform
84,77,sports
82,81,misc
79,78,misc
83,71,platform
82,61,strategy
75,61,action
67,76,strategy
46,61,racing
58,77,racing
72,88,platform
80,71,shooter
75,68,strategy
71,64,misc
68,73,sports
65,75,fighting
67,65,platform
66,68,sports
73,76,puzzle
80,69,role-playing
74,44,platform
82,71,strategy
82,56,simulation
79,68,sports
87,72,misc
85,61,puzzle
76,42,sports
87,58,puzzle
85,73,shooter
69,37,sports
83,72,sports
82,64,strategy
81,70,puzzle
82,68,adventure
80,57,adventure
79,66,fighting
81,81,sports
82,81,sports
79,83,sports
83,71,racing
83,66,fighting
81,58,adventure
84,56,platform
84,71,simulation
82,61,puzzle
73,73,fighting
45,56,action
38,50,role-playing
73,69,action
78,87,action
70,74,fighting
73,76,action
80,56,puzzle
77,62,sports
76,64,adventure
71,66,sports
72,67,strategy
64,73,role-playing
77,55,misc
70,72,puzzle
57,51,role-playing
73,71,misc
65,46,action
61,69,fighting
73,70,adventure
69,72,platform
68,66,shooter
73,47,sports
75,71,action
68,79,role-playing
75,66,role-playing
80,80,racing
38,30,simulation
83,74,role-playing
81,81,simulation
73,75,role-playing
85,78,action
82,78,role-playing
44,50,misc
56,61,action
78,73,adventure
76,74,adventure
76,71,platform
68,70,sports
76,69,simulation
76,69,misc
68,59,adventure
81,72,fighting
77,71,sports
66,53,role-playing
77,73,sports
73,71,platform
82,76,action
63,74,strategy
26,15,simulation
53,60,strategy
52,53,action
80,77,action
79,73,strategy
76,61,puzzle
59,66,role-playing
73,71,simulation
67,78,action
66,64,puzzle
85,86,simulation
62,57,shooter
66,78,action
46,61,racing
46,35,shooter
75,78,platform
73,67,action
67,58,platform
56,50,strategy
77,70,puzzle
74,65,sports
66,77,fighting
59,67,racing
70,64,puzzle
70,63,platform
64,55,shooter
84,83,simulation
34,16,puzzle
38,21,strategy
57,67,role-playing
84,80,adventure
85,86,adventure
76,79,action
64,56,strategy
27,33,shooter
87,66,puzzle
72,81,misc
92,88,misc
87,84,platform
90,84,adventure
84,83,role-playing
88,84,platform
86,84,strategy
71,63,misc
80,43,simulation
69,68,strategy
54,38,strategy
39,47,misc
52,62,platform
75,77,simulation
63,67,puzzle
58,61,simulation
97,74,puzzle
97,79,simulation
73,44,misc
70,50,shooter
67,58,racing
53,70,puzzle
49,71,fighting
64,74,shooter
81,79,platform
81,74,action
76,82,adventure
62,54,action
73,78,role-playing
72,61,action
70,50,misc
48,66,sports
77,75,platform
81,69,action
32,22,fighting
65,74,fighting
65,60,racing
77,78,role-playing
75,81,role-playing
68,86,simulation
72,64,platform
72,59,strategy
77,75,shooter
45,57,action
70,77,fighting
69,76,strategy
68,79,sports
93,84,racing
90,87,racing
89,90,simulation
82,82,sports
76,80,platform
79,81,puzzle
75,73,strategy
69,74,platform
69,60,platform
63,64,action
60,66,platform
86,76,racing
86,79,fighting
83,77,fighting
75,51,action
67,59,platform
75,71,misc
71,71,puzzle
83,83,simulation
82,80,role-playing
82,84,puzzle
48,40,fighting
82,84,racing
80,75,strategy
77,70,racing
78,76,adventure
70,72,sports
75,75,role-playing
75,76,misc
74,70,adventure
65,77,role-playing
73,74,simulation
75,72,puzzle
73,71,strategy
73,71,adventure
75,67,adventure
74,77,sports
77,69,role-playing
73,71,racing
75,66,action
74,70,shooter
78,79,adventure
60,69,action
84,77,platform
85,71,action
86,73,action
76,77,role-playing
79,78,action
71,77,strategy
83,75,puzzle
70,67,fighting
89,78,misc
72,62,sports
75,72,platform
75,42,platform
89,77,adventure
89,74,puzzle
83,83,sports
76,80,racing
70,68,fighting
75,62,fighting
70,49,fighting
68,49,racing
66,67,simulation
54,50,action
67,74,adventure
69,63,racing
66,74,action
76,84,puzzle
72,76,shooter
16,12,fighting
44,37,action
72,62,simulation
79,77,action
78,76,platform
82,71,action
80,77,shooter
78,71,fighting
64,57,fighting
86,89,strategy
71,66,simulation
66,62,sports
64,60,fighting
67,70,adventure
86,80,role-playing
86,79,strategy
88,81,misc
73,77,strategy
67,67,role-playing
66,68,shooter
69,57,action
65,57,platform
51,49,strategy
82,85,action
81,77,shooter
77,81,adventure
75,71,role-playing
73,63,shooter
82,75,action
62,76,fighting
69,80,simulation
75,65,simulation
70,56,puzzle
26,23,misc
70,72,puzzle
73,70,shooter
59,44,strategy
75,72,fighting
64,67,platform
86,77,role-playing
55,74,platform
71,67,puzzle
79,65,fighting
78,64,fighting
82,66,fighting
79,75,strategy
86,82,fighting
85,85,fighting
87,82,racing
86,83,strategy
67,62,role-playing
76,72,adventure
89,79,fighting
45,56,racing
45,64,simulation
80,71,action
72,49,platform
85,79,adventure
85,78,action
85,77,simulation
81,82,role-playing
68,76,platform
61,75,puzzle
60,62,shooter
60,64,fighting
59,65,racing
67,63,platform
39,26,puzzle
57,58,strategy
43,21,role-playing
68,74,shooter
67,71,platform
71,60,strategy
70,74,action
70,77,shooter
68,68,shooter
61,38,simulation
60,42,fighting
75,77,puzzle
74,57,sports
56,66,adventure
64,57,sports
81,78,fighting
41,47,action
77,74,platform
75,76,fighting
71,76,racing
56,43,puzzle
82,78,shooter
79,80,role-playing
78,81,sports
68,69,racing
73,74,misc
77,75,shooter
54,49,puzzle
68,61,simulation
69,62,racing
57,70,sports
64,42,action
60,62,puzzle
61,67,misc
57,15,sports
61,54,misc
54,62,action
59,72,platform
86,74,simulation
75,73,role-playing
73,74,fighting
66,70,action
66,61,misc
65,65,fighting
64,58,puzzle
78,76,role-playing
74,73,role-playing
63,69,racing
84,81,fighting
82,80,simulation
80,78,action
78,75,platform
76,76,simulation
71,71,adventure
73,69,action
70,79,simulation
63,61,fighting
74,68,adventure
77,76,puzzle
79,77,role-playing
75,77,role-playing
68,69,adventure
67,70,strategy
76,84,sports
67,65,sports
59,63,role-playing
80,75,sports
79,77,misc
71,48,misc
71,73,platform
69,53,puzzle
64,66,role-playing
47,43,simulation
75,77,misc
73,75,sports
73,77,misc
71,63,misc
68,61,fighting
68,60,strategy
73,75,platform
69,50,fighting
67,41,misc
75,69,puzzle
64,60,sports
71,76,fighting
67,72,shooter
63,76,simulation
67,62,strategy
63,60,shooter
64,66,role-playing
76,51,simulation
58,71,misc
41,34,adventure
68,76,action
73,75,role-playing
84,77,racing
79,81,strategy
75,72,puzzle
73,73,role-playing
92,79,sports
91,85,simulation
90,77,sports
79,68,shooter
74,72,simulation
72,70,sports
58,65,adventure
62,71,adventure
65,41,misc
39,75,role-playing
67,78,platform
70,71,simulation
61,72,misc
62,55,sports
67,76,platform
71,68,platform
70,71,strategy
72,71,role-playing
64,74,action
63,82,adventure
76,84,strategy
68,72,fighting
83,81,role-playing
82,78,role-playing
59,67,action
68,66,puzzle
70,81,strategy
75,54,strategy
74,55,strategy
64,73,simulation
91,78,strategy
82,72,fighting
77,69,shooter
75,73,racing
57,62,shooter
85,85,strategy
85,79,fighting
73,81,adventure
74,76,racing
70,73,role-playing
78,81,shooter
78,59,fighting
72,72,adventure
68,71,fighting
61,71,platform
76,74,misc
81,82,action
81,77,platform
78,75,misc
77,74,puzzle
72,55,sports
74,71,misc
53,63,adventure
51,67,simulation
72,64,misc
85,88,racing
82,85,action
79,83,fighting
75,76,racing
86,80,strategy
81,76,adventure
80,85,misc
82,76,racing
84,81,racing
74,74,platform
67,64,platform
54,55,sports
49,64,simulation
36,52,platform
75,66,racing
56,52,action
82,59,platform
69,72,simulation
58,69,shooter
60,55,action
70,64,racing
62,45,shooter
76,85,adventure
75,79,adventure
74,82,role-playing
77,77,platform
73,72,racing
72,67,puzzle
71,71,platform
66,71,misc
65,73,role-playing
55,67,platform
63,58,role-playing
63,64,strategy
83,62,puzzle
84,45,action
74,39,strategy
84,39,adventure
80,32,racing
68,73,fighting
67,71,simulation
67,73,strategy
70,78,puzzle
67,68,simulation
55,66,racing
79,80,racing
59,72,role-playing
76,72,simulation
79,65,sports
90,83,platform
88,84,strategy
85,80,adventure
90,77,strategy
86,77,puzzle
84,79,platform
91,82,racing
77,68,action
72,67,misc
71,66,racing
85,86,adventure
80,77,puzzle
88,70,adventure
86,78,adventure
82,67,simulation
79,62,misc
81,55,strategy
79,60,shooter
64,43,puzzle
81,74,action
61,72,sports
66,77,misc
75,75,role-playing
66,82,misc
58,51,platform
64,22,misc
61,37,strategy
85,72,fighting
81,76,puzzle
70,72,adventure
60,54,puzzle
47,41,simulation
66,67,sports
63,43,fighting
58,60,simulation
57,39,misc
82,78,racing
63,65,strategy
61,72,racing
79,73,role-playing
82,74,fighting
76,83,fighting
77,52,fighting
86,72,misc
74,75,adventure
74,74,racing
63,54,shooter
80,62,action
59,46,role-playing
79,53,action
78,52,strategy
72,54,sports
87,56,adventure
81,36,role-playing
76,54,role-playing
89,60,misc
79,51,action
68,64,racing
78,71,racing
78,56,strategy
68,67,simulation
60,60,shooter
59,65,platform
67,50,misc
40,52,role-playing
74,83,shooter
68,71,strategy
89,65,strategy
79,79,action
64,60,sports
81,83,adventure
77,73,strategy
75,78,simulation
65,61,sports
60,68,action
81,78,platform
82,84,sports
81,66,role-playing
75,80,simulation
67,46,action
72,72,puzzle
54,46,platform
83,82,adventure
80,74,strategy
79,68,misc
72,66,adventure
68,29,platform
74,61,fighting
72,74,sports
71,77,strategy
69,66,sports
74,73,platform
81,74,racing
78,71,fighting
77,69,racing
71,69,shooter
67,69,misc
63,66,fighting
74,70,puzzle
66,67,misc
62,73,platform
53,69,shooter
52,58,fighting
59,62,fighting
57,63,sports
55,64,misc
80,82,sports
84,83,action
77,81,strategy
60,64,racing
60,62,sports
78,71,sports
30,55,adventure
82,77,misc
57,69,strategy
47,41,shooter
71,69,sports
77,66,adventure
68,68,misc
84,84,racing
79,81,sports
82,78,racing
54,77,shooter
71,71,strategy
69,71,misc
66,71,sports
71,70,simulation
78,80,adventure
75,78,action
63,52,misc
62,71,puzzle
32,35,strategy
47,60,shooter
62,72,adventure
57,69,adventure
57,71,role-playing
56,64,shooter
86,84,simulation
86,88,shooter
83,82,action
91,88,fighting
87,78,sports
63,73,adventure
59,61,puzzle
75,62,shooter
65,73,puzzle
69,77,platform
57,62,simulation
47,48,strategy
77,82,fighting
82,85,shooter
84,47,platform
84,63,role-playing
80,46,racing
84,78,simulation
84,77,platform
81,67,shooter
79,77,puzzle
80,79,simulation
85,86,sports
58,65,puzzle
72,73,platform
58,53,platform
55,57,simulation
73,58,role-playing
71,77,fighting
73,76,sports
75,54,strategy
68,76,racing
74,70,shooter
66,59,shooter
62,70,fighting
68,60,action
76,82,shooter
48,69,strategy
52,65,misc
53,38,adventure
84,76,role-playing
54,66,adventure
55,60,role-playing
73,77,racing
65,64,strategy
90,72,shooter
88,80,simulation
62,66,strategy
75,77,action
67,78,action
77,75,shooter
72,84,action
67,70,sports
54,60,platform
83,79,racing
79,76,sports
81,87,platform
83,85,misc
82,81,simulation
55,60,action
82,63,role-playing
84,68,fighting
82,74,strategy
71,64,racing
51,68,action
83,68,racing
82,81,racing
68,62,puzzle
71,60,simulation
80,77,misc
75,70,puzzle
75,57,sports
74,72,adventure
69,74,platform
69,61,shooter
72,72,action
58,65,role-playing
43,23,sports
78,76,shooter
75,70,role-playing
75,45,sports
73,50,sports
72,35,fighting
68,11,platform
66,9,sports
65,10,puzzle
70,59,simulation
83,72,fighting
68,54,racing
80,52,puzzle
81,48,action
68,73,puzzle
81,71,simulation
86,80,shooter
88,83,simulation
73,71,sports
85,77,misc
89,77,puzzle
89,87,racing
86,76,sports
87,87,racing
61,68,role-playing
70,54,fighting
61,40,adventure
78,67,platform
74,78,strategy
70,54,action
70,84,adventure
71,78,strategy
73,71,role-playing
75,77,role-playing
83,61,sports
79,76,misc
79,69,strategy
69,46,racing
66,54,strategy
72,68,puzzle
73,80,racing
69,74,simulation
66,52,fighting
63,71,sports
84,78,misc
80,78,puzzle
82,83,role-playing
82,69,racing
77,61,puzzle
74,70,action
78,80,action
82,80,simulation
76,73,simulation
83,80,platform
82,73,racing
83,78,action
88,87,platform
85,84,sports
75,75,sports
86,83,platform
87,79,shooter
83,74,role-playing
81,79,puzzle
91,85,adventure
70,74,shooter
83,75,action
72,75,simulation
68,71,misc
67,68,racing
72,69,platform
72,64,action
71,64,puzzle
70,66,shooter
87,88,puzzle
83,87,platform
84,85,puzzle
81,79,platform
86,73,puzzle
85,74,strategy
79,84,sports
78,80,role-playing
73,71,strategy
77,63,simulation
82,78,misc
90,55,adventure
79,62,role-playing
79,78,puzzle
79,73,role-playing
81,75,role-playing
75,67,puzzle
63,62,shooter
75,70,strategy
70,70,misc
55,34,simulation
81,69,action
74,71,action
73,72,racing
76,79,adventure
74,80,shooter
64,54,sports
75,59,platform
73,55,adventure
68,68,sports
71,81,shooter
70,76,strategy
77,36,strategy
74,31,misc
87,69,puzzle
71,77,action
79,75,fighting
79,63,puzzle
83,68,fighting
81,76,strategy
80,74,racing
83,78,fighting
78,75,simulation
77,71,action
76,70,sports
66,70,racing
66,73,adventure
68,64,racing
67,56,fighting
73,77,racing
75,70,racing
68,52,racing
65,61,strategy
78,69,puzzle
80,65,misc
71,72,sports
70,64,role-playing
69,71,sports
72,71,fighting
72,76,platform
72,75,platform
59,68,shooter
71,71,strategy
57,69,adventure
56,47,simulation
47,50,misc
87,84,simulation
81,83,fighting
80,76,sports
79,77,simulation
70,74,action
63,72,strategy
55,67,adventure
57,58,role-playing
71,67,misc
74,77,puzzle
70,70,misc
76,78,role-playing
81,74,puzzle
86,64,platform
66,28,fighting
81,78,puzzle
65,72,simulation
68,71,action
62,67,adventure
67,54,racing
63,67,puzzle
76,73,misc
78,66,adventure
74,80,misc
72,68,strategy
67,50,misc
53,21,fighting
43,19,sports
69,49,simulation
82,64,strategy
77,70,adventure
64,69,misc
93,89,simulation
88,87,platform
73,65,strategy
97,90,adventure
76,75,fighting
85,70,adventure
84,80,strategy
85,73,misc
81,71,simulation
80,71,sports
76,37,shooter
66,76,fighting
65,67,platform
81,79,racing
78,40,role-playing
35,63,shooter
85,86,puzzle
92,89,shooter
93,86,fighting
82,80,simulation
74,72,role-playing
66,64,shooter
80,66,strategy
80,65,misc
56,64,fighting
75,62,simulation
81,73,puzzle
74,73,shooter
83,64,role-playing
72,82,role-playing
83,80,misc
82,75,strategy
83,72,adventure
85,72,misc
75,73,racing
74,61,misc
56,46,platform
77,70,fighting
71,59,action
56,51,racing
43,41,strategy
76,65,fighting
76,65,simulation
73,59,fighting
76,76,fighting
64,70,action
65,72,role-playing
72,72,misc
64,72,shooter
61,74,sports
67,76,platform
69,75,shooter
63,62,shooter
61,56,simulation
78,64,sports
75,83,misc
76,76,puzzle
51,59,sports
48,63,misc
60,65,shooter
75,77,fighting
64,48,racing
69,59,action
56,56,adventure
85,84,misc
56,53,role-playing
63,68,simulation
55,63,simulation
75,56,action
56,53,puzzle
74,79,platform
71,60,action
79,64,action
76,65,racing
79,66,fighting
47,59,role-playing
78,81,fighting
62,76,strategy
34,29,shooter
86,83,sports
86,81,strategy
85,85,action
84,84,role-playing
82,82,strategy
80,79,role-playing
81,75,action
78,87,action
83,76,strategy
81,84,simulation
79,84,simulation
78,77,action
90,80,racing
86,87,racing
80,63,fighting
79,70,puzzle
76,81,role-playing
75,78,simulation
84,77,puzzle
80,79,platform
80,73,role-playing
72,72,simulation
79,78,racing
64,58,action
45,57,racing
69,83,fighting
64,64,shooter
77,74,simulation
59,66,simulation
74,73,platform
87,89,puzzle
81,80,action
82,77,platform
55,60,misc
44,55,simulation
64,60,misc
82,67,puzzle
82,68,sports
81,63,fighting
83,80,shooter
78,70,action
72,68,fighting
70,70,simulation
69,72,shooter
60,65,sports
75,68,sports
75,48,role-playing
54,69,adventure
70,76,puzzle
26,27,action
68,49,simulation
45,28,simulation
42,19,puzzle
77,69,puzzle
85,79,shooter
68,85,shooter
75,73,strategy
74,71,racing
71,61,sports
77,77,platform
79,81,strategy
78,67,sports
81,78,puzzle
70,66,action
76,74,misc
83,83,puzzle
89,77,action
68,40,puzzle
59,42,role-playing
72,76,simulation
77,85,adventure
65,61,platform
61,46,sports
78,60,sports
70,71,sports
68,50,sports
80,76,strategy
77,78,misc
72,61,adventure
81,80,adventure
74,81,role-playing
55,53,puzzle
66,66,role-playing
55,69,role-playing
57,55,role-playing
49,52,simulation
46,48,fighting
76,65,fighting
55,59,simulation
53,55,strategy
79,72,sports
78,77,misc
75,71,puzzle
80,80,puzzle
79,76,misc
76,82,adventure
80,81,simulation
84,81,sports
82,83,fighting
78,75,adventure
81,83,misc
88,81,puzzle
84,83,misc
82,77,strategy
80,71,adventure
71,67,sports
76,76,platform
85,82,action
85,81,fighting
88,77,adventure
86,84,misc
83,77,misc
80,76,misc
79,69,racing
63,65,shooter
73,68,action
74,76,shooter
81,75,fighting
69,61,strategy
59,63,fighting
57,58,misc
66,65,sports
58,69,adventure
65,56,puzzle
59,63,action
58,69,adventure
68,66,adventure
81,87,puzzle
72,72,fighting
68,76,fighting
40,76,role-playing
68,56,role-playing
71,72,shooter
62,62,sports
73,71,platform
79,74,platform
75,74,adventure
73,73,misc
70,71,fighting
67,64,sports
71,58,strategy
68,63,role-playing
75,61,misc
64,65,puzzle
64,74,fighting
78,78,adventure
72,71,action
71,63,adventure
64,57,platform
61,53,adventure
69,50,fighting
66,44,sports
64,50,platform
73,64,shooter
65,70,racing
75,77,platform
61,66,simulation
77,76,adventure
75,74,fighting
81,79,action
73,78,platform
72,70,sports
39,36,action
64,68,puzzle
76,63,role-playing
75,77,sports
78,72,role-playing
61,74,role-playing
71,68,shooter
78,68,adventure
76,62,role-playing
76,58,racing
61,65,action
60,61,platform
58,39,racing
71,58,puzzle
77,66,platform
76,56,action
75,60,role-playing
83,56,strategy
76,54,adventure
77,83,misc
74,77,platform
84,82,action
66,69,misc
82,74,shooter
81,71,misc
77,81,puzzle
81,67,misc
80,57,sports
84,78,platform
80,78,sports
74,67,role-playing
71,70,sports
71,63,sports
77,58,simulation
76,70,adventure
75,76,strategy
73,70,puzzle
67,68,puzzle
65,73,strategy
73,62,fighting
79,74,racing
75,75,strategy
68,62,action
82,91,racing
80,89,simulation
76,85,strategy
80,82,racing
75,78,platform
59,60,action
76,72,simulation
72,75,fighting
70,74,shooter
71,70,simulation
73,63,fighting
70,71,puzzle
69,62,racing
76,73,role-playing
70,62,adventure
74,50,sports
73,59,sports
75,73,puzzle
76,60,platform
83,73,puzzle
78,68,simulation
64,71,puzzle
80,71,puzzle
79,80,simulation
74,64,simulation
70,62,role-playing
66,64,platform
64,53,puzzle
76,64,misc
69,62,strategy
80,72,strategy
75,64,strategy
72,48,role-playing
68,70,fighting
71,61,racing
68,58,adventure
64,74,misc
72,82,puzzle
59,73,adventure
77,76,action
66,68,adventure
64,65,platform
66,64,platform
79,74,simulation
62,22,action
72,77,puzzle
77,24,fighting
79,74,strategy
59,61,misc
78,80,simulation
72,75,misc
78,71,strategy
77,79,role-playing
79,82,adventure
67,58,puzzle
79,76,adventure
85,73,action
72,69,racing
82,80,shooter
95,91,simulation
70,62,adventure
72,68,simulation
66,61,platform
80,86,racing
83,77,misc
77,86,platform
80,81,role-playing
81,89,adventure
80,84,simulation
64,74,fighting
54,65,sports
49,64,simulation
67,71,fighting
91,90,fighting
97,85,puzzle
96,82,fighting
81,82,role-playing
78,74,shooter
89,89,simulation
90,89,sports
73,75,puzzle
86,85,racing
65,23,adventure
55,15,misc
71,71,role-playing
69,67,misc
68,68,simulation
76,72,role-playing
67,65,sports
72,70,shooter
69,64,action
77,75,role-playing
81,80,fighting
75,80,sports
67,65,strategy
62,67,fighting
77,82,puzzle
75,79,racing
75,72,puzzle
68,72,platform
58,56,puzzle
67,60,racing
63,64,fighting
61,51,role-playing
76,69,adventure
72,75,shooter
71,56,action
79,71,sports
76,71,shooter
69,64,simulation
68,74,puzzle
86,82,simulation
83,72,simulation
82,69,simulation
79,71,puzzle
79,70,action
64,56,shooter
84,59,adventure
78,64,adventure
77,59,role-playing
75,70,platform
75,75,sports
48,65,sports
60,65,platform
79,75,adventure
75,75,misc
66,60,puzzle
69,48,misc
69,34,shooter
63,30,adventure
62,56,sports
63,66,action
67,65,misc
61,65,racing
55,53,platform
60,50,sports
61,74,role-playing
78,81,puzzle
82,68,fighting
54,67,racing
29,23,role-playing
72,48,misc
74,68,strategy
65,45,shooter
63,50,puzzle
74,74,simulation
80,76,sports
74,75,platform
74,83,puzzle
55,59,action
83,77,puzzle
82,69,role-playing
77,76,strategy
71,52,adventure
67,70,action
69,65,racing
64,76,misc
64,62,puzzle
73,75,sports
74,63,misc
80,54,simulation
73,58,adventure
67,53,fighting
72,70,misc
70,40,action
66,28,action
66,37,fighting
80,43,puzzle
78,58,simulation
77,59,role-playing
73,59,simulation
72,73,fighting
66,60,adventure
81,63,shooter
80,78,adventure
68,63,adventure
65,69,racing
69,60,shooter
68,52,simulation
88,80,role-playing
58,69,fighting
72,65,role-playing
63,80,strategy
62,64,misc
74,73,platform
73,68,sports
72,68,adventure
87,86,platform
83,76,strategy
73,60,role-playing
70,51,shooter
74,67,strategy
74,66,action
85,86,action
88,82,action
82,77,fighting
68,73,misc
60,67,fighting
56,66,role-playing
73,79,action
75,70,role-playing
67,73,adventure
54,58,simulation
64,69,sports
67,61,strategy
60,69,puzzle
80,74,simulation
74,68,platform
71,77,simulation
82,80,strategy
81,76,simulation
77,80,racing
78,76,action
89,87,misc
82,86,action
82,84,adventure
84,86,adventure
85,84,fighting
80,85,shooter
89,88,sports
67,63,shooter
70,71,simulation
69,57,role-playing
65,72,racing
66,61,role-playing
76,71,puzzle
71,72,adventure
80,83,misc
78,85,strategy
81,85,simulation
81,83,adventure
78,81,simulation
78,84,role-playing
38,26,simulation
69,63,racing
81,71,misc
80,70,platform
78,62,shooter
80,71,shooter
80,66,misc
78,63,shooter
74,63,fighting
69,45,adventure
71,58,adventure
62,44,action
74,65,sports
64,59,strategy
76,76,shooter
75,68,misc
72,76,simulation
71,63,adventure
69,73,sports
78,71,role-playing
74,72,puzzle
80,85,puzzle
73,74,simulation
72,71,role-playing
70,72,sports
67,74,puzzle
63,69,simulation
58,69,platform
63,58,fighting
61,62,action
63,67,action
93,94,simulation
92,92,racing
91,92,role-playing
92,92,action
91,89,platform
90,88,simulation
89,91,shooter
68,60,puzzle
87,72,simulation
87,69,action
86,66,adventure
71,61,strategy
80,88,misc
85,89,simulation
76,83,action
82,86,shooter
75,82,platform
84,88,racing
78,86,shooter
77,75,platform
66,76,racing
73,86,sports
78,78,platform
83,90,action
64,74,role-playing
58,57,action
56,64,misc
74,75,adventure
70,59,action
69,59,sports
67,62,adventure
86,75,shooter
84,73,strategy
84,81,simulation
82,84,fighting
88,50,puzzle
66,77,fighting
66,70,racing
63,65,action
66,66,sports
58,56,fighting
83,84,action
80,79,fighting
78,76,sports
78,74,fighting
77,81,sports
78,67,puzzle
77,56,shooter
64,31,shooter
85,77,strategy
85,79,misc
79,70,sports
63,59,racing
66,70,simulation
85,77,sports
84,72,fighting
86,51,fighting
85,78,racing
69,71,simulation
54,37,shooter
58,84,strategy
70,68,fighting
81,54,simulation
75,74,simulation
77,76,misc
64,67,sports
68,38,puzzle
66,56,platform
72,56,adventure
57,57,misc
62,51,action
66,69,adventure
65,65,sports
55,56,role-playing
71,65,shooter
74,56,misc
73,66,shooter
86,67,adventure
86,62,fighting
89,84,shooter
87,83,role-playing
86,82,simulation
73,47,strategy
71,75,misc
62,51,shooter
76,48,action
68,58,strategy
65,62,misc
66,70,racing
82,79,sports
76,75,sports
76,76,puzzle
78,56,platform
84,78,shooter
71,43,simulation
70,70,misc
68,74,puzzle
70,62,shooter
80,79,sports
36,45,strategy
63,71,misc
74,79,simulation
75,74,fighting
70,65,puzzle
71,51,shooter
76,67,misc
70,62,action
69,63,fighting
79,71,strategy
74,70,puzzle
73,74,role-playing
82,75,action
80,69,platform
80,70,shooter
79,60,strategy
69,71,action
64,55,strategy
85,65,misc
83,72,fighting
80,74,simulation
86,85,sports
86,77,racing
85,81,strategy
71,76,simulation
39,21,strategy
32,14,misc
80,76,sports
88,85,sports
57,59,puzzle
56,54,simulation
81,70,fighting
79,68,platform
76,68,platform
72,79,racing
75,73,action
80,73,platform
76,42,fighting
63,45,strategy
62,51,fighting
86,85,strategy
86,74,action
72,42,role-playing
76,57,puzzle
87,75,role-playing
83,75,action
84,71,shooter
69,75,adventure
55,53,simulation
70,67,role-playing
64,68,sports
42,30,strategy
38,46,simulation
58,73,strategy
77,76,sports
74,74,role-playing
71,80,fighting
53,53,racing
57,54,puzzle
72,68,role-playing
76,72,role-playing
71,63,sports
69,61,simulation
77,79,sports
87,68,platform
87,70,strategy
80,66,simulation
62,72,fighting
60,83,role-playing
58,66,action
69,63,adventure
79,77,action
81,76,role-playing
79,71,puzzle
76,73,role-playing
63,60,shooter
67,69,misc
56,59,strategy
78,62,adventure
71,50,adventure
67,56,puzzle
56,52,role-playing
77,75,role-playing
75,76,action
74,73,fighting
78,78,platform
49,47,role-playing
47,50,shooter
43,43,puzzle
83,82,shooter
83,83,sports
86,84,role-playing
71,74,misc
61,65,fighting
67,79,fighting
74,75,sports
85,68,simulation
80,69,adventure
80,71,simulation
79,71,racing
57,59,role-playing
55,63,shooter
54,66,sports
85,53,racing
83,53,fighting
79,64,adventure
78,79,action
86,78,simulation
72,70,strategy
74,75,role-playing
65,74,action
84,76,misc
84,80,sports
68,73,misc
39,46,adventure
64,64,role-playing
78,76,racing
75,70,strategy
76,71,puzzle
75,63,simulation
78,72,simulation
69,54,shooter
50,64,racing
68,82,adventure
68,46,racing
68,77,platform
67,65,misc
69,71,misc
78,73,sports
71,48,sports
67,53,strategy
67,70,strategy
67,73,action
83,74,racing
84,72,misc
57,70,fighting
68,61,adventure
80,78,role-playing
67,68,role-playing
64,29,puzzle
72,65,platform
84,78,action
80,78,platform
77,72,racing
69,77,strategy
66,66,sports
71,62,misc
73,65,platform
38,24,shooter
36,21,simulation
87,78,sports
52,59,strategy
67,65,platform
57,38,simulation
52,51,misc
65,78,action
93,84,shooter
67,59,fighting
80,74,role-playing
84,77,racing
86,85,strategy
78,72,strategy
67,76,sports
72,76,shooter
92,83,puzzle
92,66,fighting
93,75,shooter
37,21,adventure
72,75,puzzle
66,66,puzzle
80,72,shooter
71,71,platform
76,70,sports
74,78,puzzle
75,65,action
66,70,puzzle
71,64,misc
57,72,fighting
69,68,simulation
81,77,misc
78,82,platform
75,81,misc
81,68,sports
77,76,action
76,61,misc
82,80,role-playing
65,58,racing
82,61,puzzle
77,72,shooter
75,78,sports
73,67,puzzle
79,83,puzzle
72,77,fighting
62,51,adventure
64,79,platform
58,68,strategy
67,63,shooter
67,64,role-playing
68,72,simulation
75,76,action
77,82,platform
44,50,platform
83,76,misc
75,75,simulation
69,68,puzzle
48,69,platform
81,81,racing
79,86,role-playing
77,83,action
77,80,puzzle
85,82,platform
84,84,puzzle
84,79,role-playing
83,79,action
82,86,strategy
84,82,adventure
56,56,misc
54,59,racing
72,81,shooter
72,72,simulation
68,77,puzzle
72,69,misc
70,72,role-playing
70,69,shooter
49,55,fighting
78,89,action
78,68,shooter
57,54,shooter
62,55,sports
90,72,shooter
86,69,platform
87,74,misc
87,79,simulation
70,77,strategy
56,70,misc
46,57,action
81,78,strategy
64,60,racing
75,75,simulation
79,70,role-playing
76,70,simulation
82,80,strategy
81,87,misc
82,73,fighting
67,66,racing
66,71,misc
64,73,simulation
61,73,shooter
80,61,fighting
77,58,misc
74,49,sports
77,79,puzzle
81,80,simulation
76,77,racing
80,73,platform
71,70,role-playing
70,59,misc
65,68,sports
67,80,puzzle
58,53,racing
17,32,adventure
80,79,shooter
70,69,simulation
81,82,adventure
65,78,strategy
73,58,role-playing
62,62,puzzle
81,65,sports
76,59,shooter
65,71,sports
62,42,shooter
71,84,racing
64,71,strategy
80,80,role-playing
81,81,racing
78,79,puzzle
84,77,strategy
82,59,shooter
80,48,fighting
68,66,simulation
77,45,strategy
52,47,racing
71,75,racing
71,39,simulation
67,64,sports
64,62,sports
79,77,fighting
72,77,simulation
69,74,adventure
55,26,platform
79,77,action
77,63,sports
73,62,fighting
83,56,sports
82,75,strategy
78,79,action
73,72,platform
71,79,platform
75,58,fighting
70,65,strategy
64,74,platform
77,66,adventure
73,70,strategy
72,72,sports
68,73,simulation
60,65,action
81,73,platform
80,76,shooter
77,70,racing
75,79,action
80,64,fighting
78,59,racing
77,48,action
62,65,puzzle
82,77,strategy
81,73,simulation
75,71,sports
76,73,sports
81,74,platform
68,77,puzzle
72,72,role-playing
41,44,puzzle
72,71,simulation
61,61,sports
60,77,strategy
67,46,shooter
64,53,role-playing
62,53,racing
74,77,fighting
63,74,platform
32,29,strategy
76,71,platform
87,76,racing
85,78,action
80,76,sports
92,73,role-playing
89,82,adventure
88,81,simulation
63,58,shooter
73,69,strategy
74,52,puzzle
64,71,fighting
63,59,action
67,65,adventure
68,66,puzzle
67,70,action
61,73,racing
72,77,platform
65,69,racing
68,70,puzzle
74,59,racing
29,1,strategy
82,75,adventure
79,76,adventure
53,69,shooter
76,74,platform
82,84,racing
63,71,shooter
61,69,shooter
79,82,fighting
85,82,action
76,78,fighting
73,62,sports
71,58,action
88,62,misc
87,75,racing
86,67,misc
79,79,simulation
81,82,fighting
79,81,racing
79,78,role-playing
76,77,misc
76,79,shooter
75,79,sports
80,79,sports
79,81,sports
79,76,misc
62,73,puzzle
55,58,action
77,77,racing
77,76,misc
81,81,fighting
79,83,strategy
71,73,strategy
84,76,adventure
76,59,adventure
80,56,misc
80,69,action
79,31,misc
88,73,sports
82,50,role-playing
87,59,role-playing
69,53,misc
61,27,racing
81,60,puzzle
73,73,strategy
52,55,fighting
70,62,sports
62,59,fighting
73,69,shooter
73,67,role-playing
67,66,action
78,70,role-playing
76,77,puzzle
75,81,adventure
83,79,strategy
61,76,puzzle
64,65,racing
65,60,adventure
62,61,shooter
68,53,adventure
66,57,puzzle
66,61,shooter
70,77,racing
70,72,role-playing
81,76,fighting
76,77,puzzle
77,84,fighting
76,64,role-playing
78,83,strategy
62,52,racing
56,55,shooter
73,72,platform
72,54,platform
69,61,platform
68,49,platform
67,48,sports
66,56,platform
77,46,adventure
77,56,shooter
33,32,strategy
59,65,action
78,73,fighting
88,72,role-playing
87,73,racing
87,74,role-playing
88,78,platform
89,82,racing
82,81,misc
86,80,simulation
83,87,strategy
80,86,sports
86,89,puzzle
84,91,adventure
66,64,shooter
65,62,puzzle
73,71,platform
77,56,puzzle
71,59,fighting
75,76,adventure
76,82,simulation
49,60,misc
85,84,racing
86,81,platform
83,82,puzzle
80,81,role-playing
80,73,action
85,80,simulation
73,50,platform
87,70,platform
82,78,role-playing
65,69,adventure
74,73,simulation
73,65,misc
45,40,puzzle
74,41,role-playing
64,60,misc
59,57,fighting
76,80,racing
72,77,misc
70,74,platform
73,81,adventure
80,72,puzzle
67,65,misc
67,64,racing
84,76,adventure
83,71,platform
83,78,misc
82,84,racing
77,68,puzzle
75,83,misc
73,73,shooter
70,68,role-playing
64,77,role-playing
74,73,simulation
73,72,simulation
75,76,puzzle
73,57,puzzle
73,65,strategy
68,62,misc
80,85,action
64,62,puzzle
78,85,puzzle
76,63,strategy
80,78,platform
76,84,racing
77,66,platform
81,62,action
80,75,simulation
76,78,shooter
85,82,misc
82,87,strategy
82,87,misc
74,67,strategy
73,78,shooter
52,54,shooter
74,77,puzzle
55,73,simulation
72,70,misc
82,70,action
84,59,sports
78,62,racing
83,49,platform
84,60,fighting
83,60,racing
79,77,sports
46,66,role-playing
61,74,platform
85,61,action
87,79,action
88,88,misc
84,88,action
83,83,shooter
81,82,role-playing
78,79,sports
80,68,sports
58,61,role-playing
57,42,puzzle
80,70,sports
32,50,racing
72,63,strategy
71,58,shooter
65,48,adventure
72,71,strategy
62,69,action
62,68,platform
81,78,action
64,70,role-playing
77,77,puzzle
71,77,racing
68,31,adventure
57,34,misc
79,73,misc
