name,value,year,lastValue,rank
Nintendo DS,29470000,2008,NA,1
Nintendo Wii,24090000,2008.1,NA,2
Playstation Portable,14050000,2008.1,NA,3
Xbox 360 ,11160000,2008.1,NA,4
PlayStation 3,10460000,2008.1,NA,5
Nintendo Wii U,NA,2008.1,NA,6
PlayStation Vita,NA,2008.1,NA,7
Nintendo 3DS,NA,2008.1,NA,8
Xbox One,NA,2008.1,NA,9
Nintendo Switch,NA,2008.1,NA,10
PlayStation 4,NA,2008.1,NA,11
Nintendo DS,29475430,2008.2,29470000,1
Nintendo Wii,24176349,2008.2,24090000,2
Playstation Portable,14050000,2008.2,14050000,3
Xbox 360 ,11213936,2008.2,11160000,4
PlayStation 3,10558839,2008.2,10460000,5
Nintendo Wii U,NA,2008.2,NA,6
PlayStation Vita,NA,2008.2,NA,7
Nintendo 3DS,NA,2008.2,NA,8
Xbox One,NA,2008.2,NA,9
Nintendo Switch,NA,2008.2,NA,10
PlayStation 4,NA,2008.2,NA,11
Nintendo DS,29538564,2008.3,29475430,1
Nintendo Wii,24179328,2008.3,24176349,2
Playstation Portable,14050000,2008.3,14050000,3
Xbox 360,11284543,2008.3,11213936,4
PlayStation 3,10632207,2008.3,10558839,5
Nintendo Wii U,NA,2008.3,NA,6
PlayStation Vita,NA,2008.3,NA,7
Nintendo 3DS,NA,2008.3,NA,8
Xbox One,NA,2008.3,NA,9
Nintendo Switch,NA,2008.3,NA,10
PlayStation 4,NA,2008.3,NA,11
Nintendo DS,29610896,2008.4,29538564,1
Nintendo Wii,24218154,2008.4,24179328,2
Playstation Portable,14050000,2008.4,14050000,3
Xbox 360,11372316,2008.4,11284543,4
PlayStation 3,10687103,2008.4,10632207,5
Nintendo Wii U,NA,2008.4,NA,6
PlayStation Vita,NA,2008.4,NA,7
Nintendo 3DS,NA,2008.4,NA,8
Xbox One,NA,2008.4,NA,9
Nintendo Switch,NA,2008.4,NA,10
PlayStation 4,NA,2008.4,NA,11
Nintendo DS,29678506,2008.5,29610896,1
Nintendo Wii,24308349,2008.5,24218154,2
Playstation Portable,14050000,2008.5,14050000,3
Xbox 360,11390604,2008.5,11372316,4
PlayStation 3,10725041,2008.5,10687103,5
Nintendo Wii U,NA,2008.5,NA,6
PlayStation Vita,NA,2008.5,NA,7
Nintendo 3DS,NA,2008.5,NA,8
Xbox One,NA,2008.5,NA,9
Nintendo Switch,NA,2008.5,NA,10
PlayStation 4,NA,2008.5,NA,11
Nintendo DS,29746468,2008.6,29678506,1
Nintendo Wii,24400322,2008.6,24308349,2
Playstation Portable,14050000,2008.6,14050000,3
Xbox 360,11485221,2008.6,11390604,4
PlayStation 3,10743937,2008.6,10725041,5
Nintendo Wii U,NA,2008.6,NA,6
PlayStation Vita,NA,2008.6,NA,7
Nintendo 3DS,NA,2008.6,NA,8
Xbox One,NA,2008.6,NA,9
Nintendo Switch,NA,2008.6,NA,10
PlayStation 4,NA,2008.6,NA,11
Nintendo DS,29745682,2008.7,29746468,1
Nintendo Wii,24489800,2008.7,24400322,2
Playstation Portable,14050000,2008.7,14050000,3
Xbox 360,11557447,2008.7,11485221,4
PlayStation 3,10779355,2008.7,10743937,5
Nintendo Wii U,NA,2008.7,NA,6
PlayStation Vita,NA,2008.7,NA,7
Nintendo 3DS,NA,2008.7,NA,8
Xbox One,NA,2008.7,NA,9
Nintendo Switch,NA,2008.7,NA,10
PlayStation 4,NA,2008.7,NA,11
Nintendo DS,29804582,2008.8,29745682,1
Nintendo Wii,24501380,2008.8,24489800,2
Playstation Portable,14050000,2008.8,14050000,3
Xbox 360,11590937,2008.8,11557447,4
PlayStation 3,10835059,2008.8,10779355,5
Nintendo Wii U,NA,2008.8,NA,6
PlayStation Vita,NA,2008.8,NA,7
Nintendo 3DS,NA,2008.8,NA,8
Xbox One,NA,2008.8,NA,9
Nintendo Switch,NA,2008.8,NA,10
PlayStation 4,NA,2008.8,NA,11
Nintendo DS,29855500,2008.9,29804582,1
Nintendo Wii,24522441,2008.9,24501380,2
Playstation Portable,14050000,2008.9,14050000,3
Xbox 360,11634396,2008.9,11590937,4
PlayStation 3,10865523,2008.9,10835059,5
Nintendo Wii U,NA,2008.9,NA,6
PlayStation Vita,NA,2008.9,NA,7
Nintendo 3DS,NA,2008.9,NA,8
Xbox One,NA,2008.9,NA,9
Nintendo Switch,NA,2008.9,NA,10
PlayStation 4,NA,2008.9,NA,11
Nintendo DS,27280000,2009,29855500,1
Nintendo Wii,21050000,2009,24522441,2
PlayStation 3,13260000,2009,10865523,3
Xbox 360,10360000,2009,11634396,4
Playstation Portable,9920000,2009,14050000,5
Nintendo Wii U,NA,2009,NA,6
PlayStation Vita,NA,2009,NA,7
Nintendo 3DS,NA,2009,NA,8
Xbox One,NA,2009,NA,9
Nintendo Switch,NA,2009,NA,10
PlayStation 4,NA,2009,NA,11
Nintendo DS,27371303,2009.1,27280000,1
Nintendo Wii,21068270,2009.1,21050000,2
PlayStation 3,13272408,2009.1,13260000,3
Xbox 360,10440717,2009.1,10360000,4
Playstation Portable,9976426,2009.1,9920000,5
Nintendo Wii U,NA,2009.1,NA,6
PlayStation Vita,NA,2009.1,NA,7
Nintendo 3DS,NA,2009.1,NA,8
Xbox One,NA,2009.1,NA,9
Nintendo Switch,NA,2009.1,NA,10
PlayStation 4,NA,2009.1,NA,11
Nintendo DS,27460549,2009.2,27371303,1
Nintendo Wii,21096793,2009.2,21068270,2
PlayStation 3,13357771,2009.2,13272408,3
Xbox 360,10501572,2009.2,10440717,4
Playstation Portable,10017180,2009.2,9976426,5
Nintendo Wii U,NA,2009.2,NA,6
PlayStation Vita,NA,2009.2,NA,7
Nintendo 3DS,NA,2009.2,NA,8
Xbox One,NA,2009.2,NA,9
Nintendo Switch,NA,2009.2,NA,10
PlayStation 4,NA,2009.2,NA,11
Nintendo DS,27464088,2009.3,27460549,1
Nintendo Wii,21098669,2009.3,21096793,2
PlayStation 3,13367129,2009.3,13357771,3
Xbox 360,10513872,2009.3,10501572,4
Playstation Portable,10020383,2009.3,10017180,5
Nintendo Wii U,NA,2009.3,NA,6
PlayStation Vita,NA,2009.3,NA,7
Nintendo 3DS,NA,2009.3,NA,8
Xbox One,NA,2009.3,NA,9
Nintendo Switch,NA,2009.3,NA,10
PlayStation 4,NA,2009.3,NA,11
Nintendo DS,27476652,2009.4,27464088,1
Nintendo Wii,21101620,2009.4,21098669,2
PlayStation 3,13386602,2009.4,13367129,3
Xbox 360,10528085,2009.4,10513872,4
Playstation Portable,10037763,2009.4,10020383,5
Nintendo Wii U,NA,2009.4,NA,6
PlayStation Vita,NA,2009.4,NA,7
Nintendo 3DS,NA,2009.4,NA,8
Xbox One,NA,2009.4,NA,9
Nintendo Switch,NA,2009.4,NA,10
PlayStation 4,NA,2009.4,NA,11
Nintendo DS,27482095,2009.5,27476652,1
Nintendo Wii,21102199,2009.5,21101620,2
PlayStation 3,13401947,2009.5,13386602,3
Xbox 360,10530387,2009.5,10528085,4
Playstation Portable,10054772,2009.5,10037763,5
Nintendo Wii U,NA,2009.5,NA,6
PlayStation Vita,NA,2009.5,NA,7
Nintendo 3DS,NA,2009.5,NA,8
Xbox One,NA,2009.5,NA,9
Nintendo Switch,NA,2009.5,NA,10
PlayStation 4,NA,2009.5,NA,11
Nintendo DS,27501340,2009.6,27482095,1
Nintendo Wii,21117298,2009.6,21102199,2
PlayStation 3,13408706,2009.6,13401947,3
Xbox 360,10534088,2009.6,10530387,4
Playstation Portable,10072279,2009.6,10054772,5
Nintendo Wii U,NA,2009.6,NA,6
PlayStation Vita,NA,2009.6,NA,7
Nintendo 3DS,NA,2009.6,NA,8
Xbox One,NA,2009.6,NA,9
Nintendo Switch,NA,2009.6,NA,10
PlayStation 4,NA,2009.6,NA,11
Nintendo DS,27518081,2009.7,27501340,1
Nintendo Wii,21118333,2009.7,21117298,2
PlayStation 3,13412601,2009.7,13408706,3
Xbox 360,10550866,2009.7,10534088,4
Playstation Portable,10073702,2009.7,10072279,5
Nintendo Wii U,NA,2009.7,NA,6
PlayStation Vita,NA,2009.7,NA,7
Nintendo 3DS,NA,2009.7,NA,8
Xbox One,NA,2009.7,NA,9
Nintendo Switch,NA,2009.7,NA,10
PlayStation 4,NA,2009.7,NA,11
Nintendo DS,27535107,2009.8,27518081,1
Nintendo Wii,21122267,2009.8,21118333,2
PlayStation 3,13422027,2009.8,13412601,3
Xbox 360,10564801,2009.8,10550866,4
Playstation Portable,10087725,2009.8,10073702,5
Nintendo Wii U,NA,2009.8,NA,6
PlayStation Vita,NA,2009.8,NA,7
Nintendo 3DS,NA,2009.8,NA,8
Xbox One,NA,2009.8,NA,9
Nintendo Switch,NA,2009.8,NA,10
PlayStation 4,NA,2009.8,NA,11
Nintendo DS,27539254,2009.9,27535107,1
Nintendo Wii,21131882,2009.9,21122267,2
PlayStation 3,13440921,2009.9,13422027,3
Xbox 360,10575604,2009.9,10564801,4
Playstation Portable,10097072,2009.9,10087725,5
Nintendo Wii U,NA,2009.9,NA,6
PlayStation Vita,NA,2009.9,NA,7
Nintendo 3DS,NA,2009.9,NA,8
Xbox One,NA,2009.9,NA,9
Nintendo Switch,NA,2009.9,NA,10
PlayStation 4,NA,2009.9,NA,11
Nintendo DS,20550000,2010,27539254,1
Nintendo Wii,17260000,2010,21131882,2
PlayStation 3,13830000,2010,13440921,3
Xbox 360,13530000,2010,10575604,4
Playstation Portable,9360000,2010,10097072,5
Nintendo Wii U,NA,2010,NA,6
PlayStation Vita,NA,2010,NA,7
Nintendo 3DS,NA,2010,NA,8
Xbox One,NA,2010,NA,9
Nintendo Switch,NA,2010,NA,10
PlayStation 4,NA,2010,NA,11
Nintendo DS,20561881,2010.1,20550000,1
Nintendo Wii,17275125,2010.1,17260000,2
PlayStation 3,13831141,2010.1,13830000,3
Xbox 360,13543339,2010.1,13530000,4
Playstation Portable,9377241,2010.1,9360000,5
Nintendo Wii U,NA,2010.1,NA,6
PlayStation Vita,NA,2010.1,NA,7
Nintendo 3DS,NA,2010.1,NA,8
Xbox One,NA,2010.1,NA,9
Nintendo Switch,NA,2010.1,NA,10
PlayStation 4,NA,2010.1,NA,11
Nintendo DS,20563406,2010.2,20561881,1
Nintendo Wii,17287708,2010.2,17275125,2
PlayStation 3,13847333,2010.2,13831141,3
Xbox 360,13548876,2010.2,13543339,4
Playstation Portable,9380255,2010.2,9377241,5
Nintendo Wii U,NA,2010.2,NA,6
PlayStation Vita,NA,2010.2,NA,7
Nintendo 3DS,NA,2010.2,NA,8
Xbox One,NA,2010.2,NA,9
Nintendo Switch,NA,2010.2,NA,10
PlayStation 4,NA,2010.2,NA,11
Nintendo DS,20572873,2010.3,20563406,1
Nintendo Wii,17297001,2010.3,17287708,2
PlayStation 3,13847772,2010.3,13847333,3
Xbox 360,13556072,2010.3,13548876,4
Playstation Portable,9388188,2010.3,9380255,5
Nintendo Wii U,NA,2010.3,NA,6
PlayStation Vita,NA,2010.3,NA,7
Nintendo 3DS,NA,2010.3,NA,8
Xbox One,NA,2010.3,NA,9
Nintendo Switch,NA,2010.3,NA,10
PlayStation 4,NA,2010.3,NA,11
Nintendo DS,20577947,2010.4,20572873,1
Nintendo Wii,17301977,2010.4,17297001,2
PlayStation 3,13863548,2010.4,13847772,3
Xbox 360,13575114,2010.4,13556072,4
Playstation Portable,9402070,2010.4,9388188,5
Nintendo Wii U,NA,2010.4,NA,6
PlayStation Vita,NA,2010.4,NA,7
Nintendo 3DS,NA,2010.4,NA,8
Xbox One,NA,2010.4,NA,9
Nintendo Switch,NA,2010.4,NA,10
PlayStation 4,NA,2010.4,NA,11
Nintendo DS,20595885,2010.5,20577947,1
Nintendo Wii,17304869,2010.5,17301977,2
PlayStation 3,13879496,2010.5,13863548,3
Xbox 360,13584618,2010.5,13575114,4
Playstation Portable,9410751,2010.5,9402070,5
Nintendo Wii U,NA,2010.5,NA,6
PlayStation Vita,NA,2010.5,NA,7
Nintendo 3DS,NA,2010.5,NA,8
Xbox One,NA,2010.5,NA,9
Nintendo Switch,NA,2010.5,NA,10
PlayStation 4,NA,2010.5,NA,11
Nintendo DS,20600015,2010.6,20595885,1
Nintendo Wii,17312618,2010.6,17304869,2
PlayStation 3,13894678,2010.6,13879496,3
Xbox 360,13585757,2010.6,13584618,4
Playstation Portable,9430739,2010.6,9410751,5
Nintendo Wii U,NA,2010.6,NA,6
PlayStation Vita,NA,2010.6,NA,7
Nintendo 3DS,NA,2010.6,NA,8
Xbox One,NA,2010.6,NA,9
Nintendo Switch,NA,2010.6,NA,10
PlayStation 4,NA,2010.6,NA,11
Nintendo DS,20602933,2010.7,20600015,1
Nintendo Wii,17323431,2010.7,17312618,2
PlayStation 3,13910773,2010.7,13894678,3
Xbox 360,13588044,2010.7,13585757,4
Playstation Portable,9431167,2010.7,9430739,5
Nintendo Wii U,NA,2010.7,NA,6
PlayStation Vita,NA,2010.7,NA,7
Nintendo 3DS,NA,2010.7,NA,8
Xbox One,NA,2010.7,NA,9
Nintendo Switch,NA,2010.7,NA,10
PlayStation 4,NA,2010.7,NA,11
Nintendo DS,20609406,2010.8,20602933,1
Nintendo Wii,17334599,2010.8,17323431,2
PlayStation 3,13916936,2010.8,13910773,3
Xbox 360,13590174,2010.8,13588044,4
Playstation Portable,9432034,2010.8,9431167,5
Nintendo Wii U,NA,2010.8,NA,6
PlayStation Vita,NA,2010.8,NA,7
Nintendo 3DS,NA,2010.8,NA,8
Xbox One,NA,2010.8,NA,9
Nintendo Switch,NA,2010.8,NA,10
PlayStation 4,NA,2010.8,NA,11
Nintendo DS,20611954,2010.9,20609406,1
Nintendo Wii,17337775,2010.9,17334599,2
PlayStation 3,13918216,2010.9,13916936,3
Xbox 360,13604542,2010.9,13590174,4
Playstation Portable,9448832,2010.9,9432034,5
Nintendo Wii U,NA,2010.9,NA,6
PlayStation Vita,NA,2010.9,NA,7
Nintendo 3DS,NA,2010.9,NA,8
Xbox One,NA,2010.9,NA,9
Nintendo Switch,NA,2010.9,NA,10
PlayStation 4,NA,2010.9,NA,11
PlayStation 3,14420000,2011,13918216,1
Xbox 360,13950000,2011,13604542,2
Nintendo 3DS,12560000,2011,NA,3
Nintendo Wii,11490000,2011,17337775,4
Nintendo DS,8760000,2011,20611954,5
Playstation Portable,7380000,2011,9448832,6
PlayStation Vita,480000,2011,NA,7
Nintendo Wii U,NA,2011,NA,8
Xbox One,NA,2011,NA,9
Nintendo Switch,NA,2011,NA,10
PlayStation 4,NA,2011,NA,11
PlayStation 3,14422437,2011.1,14420000,1
Xbox 360,13954444,2011.1,13950000,2
Nintendo 3DS,12578005,2011.1,12560000,3
Nintendo Wii,11504200,2011.1,11490000,4
Nintendo DS,8779818,2011.1,8760000,5
Playstation Portable,7395739,2011.1,7380000,6
PlayStation Vita,499653,2011.1,480000,7
Nintendo Wii U,NA,2011.1,NA,8
Xbox One,NA,2011.1,NA,9
Nintendo Switch,NA,2011.1,NA,10
PlayStation 4,NA,2011.1,NA,11
PlayStation 3,14437981,2011.2,14422437,1
Xbox 360,13966997,2011.2,13954444,2
Nintendo 3DS,12596583,2011.2,12578005,3
Nintendo Wii,11519028,2011.2,11504200,4
Nintendo DS,8788620,2011.2,8779818,5
Playstation Portable,7413496,2011.2,7395739,6
PlayStation Vita,501801,2011.2,499653,7
Nintendo Wii U,NA,2011.2,NA,8
Xbox One,NA,2011.2,NA,9
Nintendo Switch,NA,2011.2,NA,10
PlayStation 4,NA,2011.2,NA,11
PlayStation 3,14441670,2011.3,14437981,1
Xbox 360,13978627,2011.3,13966997,2
Nintendo 3DS,12614340,2011.3,12596583,3
Nintendo Wii,11532623,2011.3,11519028,4
Nintendo DS,8800807,2011.3,8788620,5
Playstation Portable,7413850,2011.3,7413496,6
PlayStation Vita,513523,2011.3,501801,7
Nintendo Wii U,NA,2011.3,NA,8
Xbox One,NA,2011.3,NA,9
Nintendo Switch,NA,2011.3,NA,10
PlayStation 4,NA,2011.3,NA,11
PlayStation 3,14442875,2011.4,14441670,1
Xbox 360,13986463,2011.4,13978627,2
Nintendo 3DS,12629790,2011.4,12614340,3
Nintendo Wii,11537929,2011.4,11532623,4
Nintendo DS,8807614,2011.4,8800807,5
Playstation Portable,7418757,2011.4,7413850,6
PlayStation Vita,515159,2011.4,513523,7
Nintendo Wii U,NA,2011.4,NA,8
Xbox One,NA,2011.4,NA,9
Nintendo Switch,NA,2011.4,NA,10
PlayStation 4,NA,2011.4,NA,11
PlayStation 3,14445473,2011.5,14442875,1
Xbox 360,14004967,2011.5,13986463,2
Nintendo 3DS,12649316,2011.5,12629790,3
Nintendo Wii,11539024,2011.5,11537929,4
Nintendo DS,8808214,2011.5,8807614,5
Playstation Portable,7436789,2011.5,7418757,6
PlayStation Vita,525194,2011.5,515159,7
Nintendo Wii U,NA,2011.5,NA,8
Xbox One,NA,2011.5,NA,9
Nintendo Switch,NA,2011.5,NA,10
PlayStation 4,NA,2011.5,NA,11
PlayStation 3,14460091,2011.6,14445473,1
Xbox 360,14024595,2011.6,14004967,2
Nintendo 3DS,12663383,2011.6,12649316,3
Nintendo Wii,11554878,2011.6,11539024,4
Nintendo DS,8828089,2011.6,8808214,5
Playstation Portable,7456404,2011.6,7436789,6
PlayStation Vita,531119,2011.6,525194,7
Nintendo Wii U,NA,2011.6,NA,8
Xbox One,NA,2011.6,NA,9
Nintendo Switch,NA,2011.6,NA,10
PlayStation 4,NA,2011.6,NA,11
PlayStation 3,14465190,2011.7,14460091,1
Xbox 360,14043841,2011.7,14024595,2
Nintendo 3DS,12671247,2011.7,12663383,3
Nintendo Wii,11563030,2011.7,11554878,4
Nintendo DS,8844242,2011.7,8828089,5
Playstation Portable,7457655,2011.7,7456404,6
PlayStation Vita,548076,2011.7,531119,7
Nintendo Wii U,NA,2011.7,NA,8
Xbox One,NA,2011.7,NA,9
Nintendo Switch,NA,2011.7,NA,10
PlayStation 4,NA,2011.7,NA,11
PlayStation 3,14481441,2011.8,14465190,1
Xbox 360,14049515,2011.8,14043841,2
Nintendo 3DS,12686351,2011.8,12671247,3
Nintendo Wii,11576453,2011.8,11563030,4
Nintendo DS,8858486,2011.8,8844242,5
Playstation Portable,7475849,2011.8,7457655,6
PlayStation Vita,551949,2011.8,548076,7
Nintendo Wii U,NA,2011.8,NA,8
Xbox One,NA,2011.8,NA,9
Nintendo Switch,NA,2011.8,NA,10
PlayStation 4,NA,2011.8,NA,11
PlayStation 3,14487851,2011.9,14481441,1
Xbox 360,14053815,2011.9,14049515,2
Nintendo 3DS,12690009,2011.9,12686351,3
Nintendo Wii,11593342,2011.9,11576453,4
Nintendo DS,8876673,2011.9,8858486,5
Playstation Portable,7484583,2011.9,7475849,6
PlayStation Vita,558128,2011.9,551949,7
Nintendo Wii U,NA,2011.9,NA,8
Xbox One,NA,2011.9,NA,9
Nintendo Switch,NA,2011.9,NA,10
PlayStation 4,NA,2011.9,NA,11
Nintendo 3DS,13480000,2012,12690009,1
PlayStation 3,11970000,2012,14487851,2
Xbox 360,10690000,2012,14053815,3
Nintendo Wii,5080000,2012,11593342,4
Playstation Portable,4220000,2012,7484583,5
PlayStation Vita,3690000,2012,558128,6
Nintendo DS,3010000,2012,8876673,7
Nintendo Wii U,2170000,2012,NA,8
Xbox One,NA,2012,NA,9
Nintendo Switch,NA,2012,NA,10
PlayStation 4,NA,2012,NA,11
Nintendo 3DS,13483451,2012.1,13480000,1
PlayStation 3,11975434,2012.1,11970000,2
Xbox 360,10703951,2012.1,10690000,3
Nintendo Wii,5083480,2012.1,5080000,4
Playstation Portable,4234727,2012.1,4220000,5
PlayStation Vita,3690996,2012.1,3690000,6
Nintendo DS,3010120,2012.1,3010000,7
Nintendo Wii U,2185208,2012.1,2170000,8
Xbox One,NA,2012.1,NA,9
Nintendo Switch,NA,2012.1,NA,10
PlayStation 4,NA,2012.1,NA,11
Nintendo 3DS,13493805,2012.2,13483451,1
PlayStation 3,11981533,2012.2,11975434,2
Xbox 360,10704570,2012.2,10703951,3
Nintendo Wii,5087475,2012.2,5083480,4
Playstation Portable,4250897,2012.2,4234727,5
PlayStation Vita,3703492,2012.2,3690996,6
Nintendo DS,3013439,2012.2,3010120,7
Nintendo Wii U,2192991,2012.2,2185208,8
Xbox One,NA,2012.2,NA,9
Nintendo Switch,NA,2012.2,NA,10
PlayStation 4,NA,2012.2,NA,11
Nintendo 3DS,13511171,2012.3,13493805,1
PlayStation 3,11989850,2012.3,11981533,2
Xbox 360,10711732,2012.3,10704570,3
Nintendo Wii,5102691,2012.3,5087475,4
Playstation Portable,4264958,2012.3,4250897,5
PlayStation Vita,3705990,2012.3,3703492,6
Nintendo DS,3025050,2012.3,3013439,7
Nintendo Wii U,2198699,2012.3,2192991,8
Xbox One,NA,2012.3,NA,9
Nintendo Switch,NA,2012.3,NA,10
PlayStation 4,NA,2012.3,NA,11
Nintendo 3DS,13521346,2012.4,13511171,1
PlayStation 3,12007157,2012.4,11989850,2
Xbox 360,10725863,2012.4,10711732,3
Nintendo Wii,5119374,2012.4,5102691,4
Playstation Portable,4277650,2012.4,4264958,5
PlayStation Vita,3713908,2012.4,3705990,6
Nintendo DS,3042948,2012.4,3025050,7
Nintendo Wii U,2204406,2012.4,2198699,8
Xbox One,NA,2012.4,NA,9
Nintendo Switch,NA,2012.4,NA,10
PlayStation 4,NA,2012.4,NA,11
Nintendo 3DS,13533912,2012.5,13521346,1
PlayStation 3,12022516,2012.5,12007157,2
Xbox 360,10743682,2012.5,10725863,3
Nintendo Wii,5130682,2012.5,5119374,4
Playstation Portable,4290216,2012.5,4277650,5
PlayStation Vita,3732578,2012.5,3713908,6
Nintendo DS,3059555,2012.5,3042948,7
Nintendo Wii U,2220869,2012.5,2204406,8
Xbox One,NA,2012.5,NA,9
Nintendo Switch,NA,2012.5,NA,10
PlayStation 4,NA,2012.5,NA,11
Nintendo 3DS,13545231,2012.6,13533912,1
PlayStation 3,12024668,2012.6,12022516,2
Xbox 360,10763517,2012.6,10743682,3
Nintendo Wii,5136460,2012.6,5130682,4
Playstation Portable,4292280,2012.6,4290216,5
PlayStation Vita,3741985,2012.6,3732578,6
Nintendo DS,3071738,2012.6,3059555,7
Nintendo Wii U,2233167,2012.6,2220869,8
Xbox One,NA,2012.6,NA,9
Nintendo Switch,NA,2012.6,NA,10
PlayStation 4,NA,2012.6,NA,11
Nintendo 3DS,13561737,2012.7,13545231,1
PlayStation 3,12028551,2012.7,12024668,2
Xbox 360,10765002,2012.7,10763517,3
Nintendo Wii,5149488,2012.7,5136460,4
Playstation Portable,4297579,2012.7,4292280,5
PlayStation Vita,3758215,2012.7,3741985,6
Nintendo DS,3080220,2012.7,3071738,7
Nintendo Wii U,2246674,2012.7,2233167,8
Xbox One,NA,2012.7,NA,9
Nintendo Switch,NA,2012.7,NA,10
PlayStation 4,NA,2012.7,NA,11
Nintendo 3DS,13564579,2012.8,13561737,1
PlayStation 3,12042354,2012.8,12028551,2
Xbox 360,10767152,2012.8,10765002,3
Nintendo Wii,5153972,2012.8,5149488,4
Playstation Portable,4307648,2012.8,4297579,5
PlayStation Vita,3777514,2012.8,3758215,6
Nintendo DS,3081398,2012.8,3080220,7
Nintendo Wii U,2263195,2012.8,2246674,8
Xbox One,NA,2012.8,NA,9
Nintendo Switch,NA,2012.8,NA,10
PlayStation 4,NA,2012.8,NA,11
Nintendo 3DS,13576367,2012.9,13564579,1
PlayStation 3,12047998,2012.9,12042354,2
Xbox 360,10782851,2012.9,10767152,3
Nintendo Wii,5169867,2012.9,5153972,4
Playstation Portable,4308822,2012.9,4307648,5
PlayStation Vita,3793133,2012.9,3777514,6
Nintendo DS,3087426,2012.9,3081398,7
Nintendo Wii U,2270454,2012.9,2263195,8
Xbox One,NA,2012.9,NA,9
Nintendo Switch,NA,2012.9,NA,10
PlayStation 4,NA,2012.9,NA,11
Nintendo 3DS,14310000,2013,13576367,1
PlayStation 3,8260000,2013,12047998,2
Xbox 360,6240000,2013,10782851,3
PlayStation 4,4490000,2013,NA,4
PlayStation Vita,3400000,2013,3793133,5
Nintendo Wii U,3100000,2013,2270454,6
Xbox One,3080000,2013,NA,7
Playstation Portable,2970000,2013,4308822,8
Nintendo Wii,1950000,2013,5169867,9
Nintendo DS,820000,2013,3087426,10
Nintendo Switch,NA,2013,NA,11
Nintendo 3DS,14324839,2013.1,14310000,1
PlayStation 3,8261760,2013.1,8260000,2
Xbox 360,6247327,2013.1,6240000,3
PlayStation 4,4503370,2013.1,4490000,4
PlayStation Vita,3407497,2013.1,3400000,5
Nintendo Wii U,3112650,2013.1,3100000,6
Xbox One,3096253,2013.1,3080000,7
Playstation Portable,2973122,2013.1,2970000,8
Nintendo Wii,1965496,2013.1,1950000,9
Nintendo DS,826379,2013.1,820000,10
Nintendo Switch,NA,2013.1,NA,11
Nintendo 3DS,14326856,2013.2,14324839,1
PlayStation 3,8264456,2013.2,8261760,2
Xbox 360,6265879,2013.2,6247327,3
PlayStation 4,4520951,2013.2,4503370,4
PlayStation Vita,3414955,2013.2,3407497,5
Nintendo Wii U,3116705,2013.2,3112650,6
Xbox One,3112158,2013.2,3096253,7
Playstation Portable,2979511,2013.2,2973122,8
Nintendo Wii,1972963,2013.2,1965496,9
Nintendo DS,841497,2013.2,826379,10
Nintendo Switch,NA,2013.2,NA,11
Nintendo 3DS,14338449,2013.3,14326856,1
PlayStation 3,8279467,2013.3,8264456,2
Xbox 360,6283798,2013.3,6265879,3
PlayStation 4,4524967,2013.3,4520951,4
PlayStation Vita,3428092,2013.3,3414955,5
Nintendo Wii U,3118947,2013.3,3116705,6
Xbox One,3112479,2013.3,3112158,7
Playstation Portable,2992926,2013.3,2979511,8
Nintendo Wii,1975666,2013.3,1972963,9
Nintendo DS,843437,2013.3,841497,10
Nintendo Switch,NA,2013.3,NA,11
Nintendo 3DS,14358008,2013.4,14338449,1
PlayStation 3,8298631,2013.4,8279467,2
Xbox 360,6292660,2013.4,6283798,3
PlayStation 4,4528576,2013.4,4524967,4
PlayStation Vita,3431790,2013.4,3428092,5
Nintendo Wii U,3126595,2013.4,3118947,6
Xbox One,3126004,2013.4,3112479,7
Playstation Portable,2996784,2013.4,2992926,8
Nintendo Wii,1991186,2013.4,1975666,9
Nintendo DS,856852,2013.4,843437,10
Nintendo Switch,NA,2013.4,NA,11
Nintendo 3DS,14370727,2013.5,14358008,1
PlayStation 3,8307666,2013.5,8298631,2
Xbox 360,6311087,2013.5,6292660,3
PlayStation 4,4528953,2013.5,4528576,4
PlayStation Vita,3434133,2013.5,3431790,5
Nintendo Wii U,3143582,2013.5,3126595,6
Xbox One,3129159,2013.5,3126004,7
Playstation Portable,3011010,2013.5,2996784,8
Nintendo Wii,1993144,2013.5,1991186,9
Nintendo DS,858433,2013.5,856852,10
Nintendo Switch,NA,2013.5,NA,11
Nintendo 3DS,14384546,2013.6,14370727,1
PlayStation 3,8327270,2013.6,8307666,2
Xbox 360,6316606,2013.6,6311087,3
PlayStation 4,4548148,2013.6,4528953,4
PlayStation Vita,3442982,2013.6,3434133,5
Xbox One,3147274,2013.6,3129159,6
Nintendo Wii U,3145654,2013.6,3143582,7
Playstation Portable,3025391,2013.6,3011010,8
Nintendo Wii,2010689,2013.6,1993144,9
Nintendo DS,864576,2013.6,858433,10
Nintendo Switch,NA,2013.6,NA,11
Nintendo 3DS,14397441,2013.7,14384546,1
PlayStation 3,8339838,2013.7,8327270,2
Xbox 360,6334803,2013.7,6316606,3
PlayStation 4,4551177,2013.7,4548148,4
PlayStation Vita,3443096,2013.7,3442982,5
Nintendo Wii U,3164988,2013.7,3145654,6
Xbox One,3162592,2013.7,3147274,7
Playstation Portable,3034925,2013.7,3025391,8
Nintendo Wii,2014452,2013.7,2010689,9
Nintendo DS,867972,2013.7,864576,10
Nintendo Switch,NA,2013.7,NA,11
Nintendo 3DS,14397894,2013.8,14397441,1
PlayStation 3,8356092,2013.8,8339838,2
Xbox 360,6341315,2013.8,6334803,3
PlayStation 4,4568849,2013.8,4551177,4
PlayStation Vita,3449485,2013.8,3443096,5
Nintendo Wii U,3174362,2013.8,3164988,6
Xbox One,3171592,2013.8,3162592,7
Playstation Portable,3053651,2013.8,3034925,8
Nintendo Wii,2021993,2013.8,2014452,9
Nintendo DS,883158,2013.8,867972,10
Nintendo Switch,NA,2013.8,NA,11
Nintendo 3DS,14401993,2013.9,14397894,1
PlayStation 3,8362541,2013.9,8356092,2
Xbox 360,6357987,2013.9,6341315,3
PlayStation 4,4570497,2013.9,4568849,4
PlayStation Vita,3456051,2013.9,3449485,5
Nintendo Wii U,3179594,2013.9,3174362,6
Xbox One,3172637,2013.9,3171592,7
Playstation Portable,3072542,2013.9,3053651,8
Nintendo Wii,2041001,2013.9,2021993,9
Nintendo DS,890664,2013.9,883158,10
Nintendo Switch,NA,2013.9,NA,11
PlayStation 4,14590000,2014,4570497,1
Nintendo 3DS,9740000,2014,14401993,2
Xbox One,7910000,2014,3172637,3
Nintendo Wii U,3640000,2014,3179594,4
PlayStation 3,3560000,2014,8362541,5
Xbox 360,2600000,2014,6357987,6
PlayStation Vita,2300000,2014,3456051,7
Nintendo Wii,520000,2014,2041001,8
Playstation Portable,390000,2014,3072542,9
Nintendo DS,NA,2014,890664,10
Nintendo Switch,NA,2014,NA,11
PlayStation 4,14590000,2014.1,14590000,1
Nintendo 3DS,9758759,2014.1,9740000,2
Xbox One,7921075,2014.1,7910000,3
Nintendo Wii U,3651314,2014.1,3640000,4
PlayStation 3,3568368,2014.1,3560000,5
Xbox 360,2601985,2014.1,2600000,6
PlayStation Vita,2314872,2014.1,2300000,7
Nintendo Wii,521304,2014.1,520000,8
Playstation Portable,406015,2014.1,390000,9
Nintendo DS,NA,2014.1,NA,10
Nintendo Switch,NA,2014.1,NA,11
PlayStation 4,14590000,2014.2,14590000,1
Nintendo 3DS,9764587,2014.2,9758759,2
Xbox One,7932450,2014.2,7921075,3
Nintendo Wii U,3662546,2014.2,3651314,4
PlayStation 3,3577751,2014.2,3568368,5
Xbox 360,2621528,2014.2,2601985,6
PlayStation Vita,2333958,2014.2,2314872,7
Nintendo Wii,521647,2014.2,521304,8
Playstation Portable,416797,2014.2,406015,9
Nintendo DS,NA,2014.2,NA,10
Nintendo Switch,NA,2014.2,NA,11
PlayStation 4,14590000,2014.3,14590000,1
Nintendo 3DS,9782665,2014.3,9764587,2
Xbox One,7947365,2014.3,7932450,3
Nintendo Wii U,3665209,2014.3,3662546,4
PlayStation 3,3592473,2014.3,3577751,5
Xbox 360,2632661,2014.3,2621528,6
PlayStation Vita,2351277,2014.3,2333958,7
Nintendo Wii,522791,2014.3,521647,8
Playstation Portable,429860,2014.3,416797,9
Nintendo DS,NA,2014.3,NA,10
Nintendo Switch,NA,2014.3,NA,11
PlayStation 4,14590000,2014.4,14590000,1
Nintendo 3DS,9788868,2014.4,9782665,2
Xbox One,7955339,2014.4,7947365,3
Nintendo Wii U,3683191,2014.4,3665209,4
PlayStation 3,3598505,2014.4,3592473,5
Xbox 360,2636162,2014.4,2632661,6
PlayStation Vita,2364957,2014.4,2351277,7
Nintendo Wii,523680,2014.4,522791,8
Playstation Portable,437139,2014.4,429860,9
Nintendo DS,NA,2014.4,NA,10
Nintendo Switch,NA,2014.4,NA,11
PlayStation 4,14590000,2014.5,14590000,1
Nintendo 3DS,9798417,2014.5,9788868,2
Xbox One,7968043,2014.5,7955339,3
Nintendo Wii U,3698819,2014.5,3683191,4
PlayStation 3,3601896,2014.5,3598505,5
Xbox 360,2646135,2014.5,2636162,6
PlayStation Vita,2368288,2014.5,2364957,7
Nintendo Wii,524285,2014.5,523680,8
Playstation Portable,449561,2014.5,437139,9
Nintendo DS,NA,2014.5,NA,10
Nintendo Switch,NA,2014.5,NA,11
PlayStation 4,14590000,2014.6,14590000,1
Nintendo 3DS,9817392,2014.6,9798417,2
Xbox One,7986232,2014.6,7968043,3
Nintendo Wii U,3703730,2014.6,3698819,4
PlayStation 3,3617824,2014.6,3601896,5
Xbox 360,2654007,2014.6,2646135,6
PlayStation Vita,2369545,2014.6,2368288,7
Nintendo Wii,524400,2014.6,524285,8
Playstation Portable,456250,2014.6,449561,9
Nintendo DS,NA,2014.6,NA,10
Nintendo Switch,NA,2014.6,NA,11
PlayStation 4,14590000,2014.7,14590000,1
Nintendo 3DS,9823099,2014.7,9817392,2
Xbox One,8000053,2014.7,7986232,3
Nintendo Wii U,3718772,2014.7,3703730,4
PlayStation 3,3630926,2014.7,3617824,5
Xbox 360,2668266,2014.7,2654007,6
PlayStation Vita,2372545,2014.7,2369545,7
Nintendo Wii,525828,2014.7,524400,8
Playstation Portable,469352,2014.7,456250,9
Nintendo DS,NA,2014.7,NA,10
Nintendo Switch,NA,2014.7,NA,11
PlayStation 4,14590000,2014.8,14590000,1
Nintendo 3DS,9827782,2014.8,9823099,2
Xbox One,8008297,2014.8,8000053,3
Nintendo Wii U,3721843,2014.8,3718772,4
PlayStation 3,3646177,2014.8,3630926,5
Xbox 360,2675635,2014.8,2668266,6
PlayStation Vita,2390914,2014.8,2372545,7
Nintendo Wii,527446,2014.8,525828,8
Playstation Portable,487309,2014.8,469352,9
Nintendo DS,NA,2014.8,NA,10
Nintendo Switch,NA,2014.8,NA,11
PlayStation 4,14590000,2014.9,14590000,1
Nintendo 3DS,9835052,2014.9,9827782,2
Xbox One,8021028,2014.9,8008297,3
Nintendo Wii U,3731894,2014.9,3721843,4
PlayStation 3,3656852,2014.9,3646177,5
Xbox 360,2683140,2014.9,2675635,6
PlayStation Vita,2395326,2014.9,2390914,7
Nintendo Wii,529431,2014.9,527446,8
Playstation Portable,491260,2014.9,487309,9
Nintendo DS,NA,2014.9,NA,10
Nintendo Switch,NA,2014.9,NA,11
PlayStation 4,17510000,2015,14590000,1
Xbox One,8630000,2015,8021028,2
Nintendo 3DS,7330000,2015,9835052,3
Nintendo Wii U,3460000,2015,3731894,4
PlayStation Vita,2680000,2015,2395326,5
PlayStation 3,1340000,2015,3656852,6
Xbox 360,930000,2015,2683140,7
Nintendo Wii,70000,2015,529431,8
Nintendo DS,NA,2015,NA,9
Playstation Portable,NA,2015,491260,10
Nintendo Switch,NA,2015,NA,11
PlayStation 4,17510000,2015.1,17510000,1
Xbox One,8644290,2015.1,8630000,2
Nintendo 3DS,7334348,2015.1,7330000,3
Nintendo Wii U,3462312,2015.1,3460000,4
PlayStation Vita,2687750,2015.1,2680000,5
PlayStation 3,1343295,2015.1,1340000,6
Xbox 360,930431,2015.1,930000,7
Nintendo Wii,69098,2015.1,70000,8
Nintendo DS,NA,2015.1,NA,9
Playstation Portable,NA,2015.1,NA,10
Nintendo Switch,NA,2015.1,NA,11
PlayStation 4,17510000,2015.2,17510000,1
Xbox One,8644974,2015.2,8644290,2
Nintendo 3DS,7352343,2015.2,7334348,3
Nintendo Wii U,3466890,2015.2,3462312,4
PlayStation Vita,2693416,2015.2,2687750,5
PlayStation 3,1351234,2015.2,1343295,6
Xbox 360,949929,2015.2,930431,7
Nintendo Wii,68401,2015.2,69098,8
Nintendo DS,NA,2015.2,NA,9
Playstation Portable,NA,2015.2,NA,10
Nintendo Switch,NA,2015.2,NA,11
PlayStation 4,17510000,2015.3,17510000,1
Xbox One,8664094,2015.3,8644974,2
Nintendo 3DS,7365293,2015.3,7352343,3
Nintendo Wii U,3480404,2015.3,3466890,4
PlayStation Vita,2694235,2015.3,2693416,5
PlayStation 3,1361002,2015.3,1351234,6
Xbox 360,956802,2015.3,949929,7
Nintendo Wii,68139,2015.3,68401,8
Nintendo DS,NA,2015.3,NA,9
Playstation Portable,NA,2015.3,NA,10
Nintendo Switch,NA,2015.3,NA,11
PlayStation 4,17510000,2015.4,17510000,1
Xbox One,8679458,2015.4,8664094,2
Nintendo 3DS,7369683,2015.4,7365293,3
Nintendo Wii U,3481465,2015.4,3480404,4
PlayStation Vita,2701862,2015.4,2694235,5
PlayStation 3,1377087,2015.4,1361002,6
Xbox 360,960358,2015.4,956802,7
Nintendo Wii,67549,2015.4,68139,8
Nintendo DS,NA,2015.4,NA,9
Playstation Portable,NA,2015.4,NA,10
Nintendo Switch,NA,2015.4,NA,11
PlayStation 4,17510000,2015.5,17510000,1
Xbox One,8689204,2015.5,8679458,2
Nintendo 3DS,7378773,2015.5,7369683,3
Nintendo Wii U,3483087,2015.5,3481465,4
PlayStation Vita,2704083,2015.5,2701862,5
PlayStation 3,1383801,2015.5,1377087,6
Xbox 360,974789,2015.5,960358,7
Nintendo Wii,67427,2015.5,67549,8
Nintendo DS,NA,2015.5,NA,9
Playstation Portable,NA,2015.5,NA,10
Nintendo Switch,NA,2015.5,NA,11
PlayStation 4,17510000,2015.6,17510000,1
Xbox One,8698883,2015.6,8689204,2
Nintendo 3DS,7389560,2015.6,7378773,3
Nintendo Wii U,3497792,2015.6,3483087,4
PlayStation Vita,2721249,2015.6,2704083,5
PlayStation 3,1384553,2015.6,1383801,6
Xbox 360,988490,2015.6,974789,7
Nintendo Wii,66649,2015.6,67427,8
Nintendo DS,NA,2015.6,NA,9
Playstation Portable,NA,2015.6,NA,10
Nintendo Switch,NA,2015.6,NA,11
PlayStation 4,17510000,2015.7,17510000,1
Xbox One,8711951,2015.7,8698883,2
Nintendo 3DS,7399539,2015.7,7389560,3
Nintendo Wii U,3507216,2015.7,3497792,4
PlayStation Vita,2733934,2015.7,2721249,5
PlayStation 3,1388091,2015.7,1384553,6
Xbox 360,1000464,2015.7,988490,7
Nintendo Wii,66404,2015.7,66649,8
Nintendo DS,NA,2015.7,NA,9
Playstation Portable,NA,2015.7,NA,10
Nintendo Switch,NA,2015.7,NA,11
PlayStation 4,17510000,2015.8,17510000,1
Xbox One,8730180,2015.8,8711951,2
Nintendo 3DS,7415229,2015.8,7399539,3
Nintendo Wii U,3508658,2015.8,3507216,4
PlayStation Vita,2751205,2015.8,2733934,5
PlayStation 3,1388619,2015.8,1388091,6
Xbox 360,1016935,2015.8,1000464,7
Nintendo Wii,65939,2015.8,66404,8
Nintendo DS,NA,2015.8,NA,9
Playstation Portable,NA,2015.8,NA,10
Nintendo Switch,NA,2015.8,NA,11
PlayStation 4,17510000,2015.9,17510000,1
Xbox One,8742463,2015.9,8730180,2
Nintendo 3DS,7431560,2015.9,7415229,3
Nintendo Wii U,3511864,2015.9,3508658,4
PlayStation Vita,2756040,2015.9,2751205,5
PlayStation 3,1399239,2015.9,1388619,6
Xbox 360,1034034,2015.9,1016935,7
Nintendo Wii,65187,2015.9,65939,8
Nintendo DS,NA,2015.9,NA,9
Playstation Portable,NA,2015.9,NA,10
Nintendo Switch,NA,2015.9,NA,11
PlayStation 4,17590000,2016,17510000,1
Xbox One,8370000,2016,8742463,2
Nintendo 3DS,7590000,2016,7431560,3
PlayStation Vita,2040000,2016,2756040,4
Nintendo Wii U,1160000,2016,3511864,5
PlayStation 3,520000,2016,1399239,6
Xbox 360,390000,2016,1034034,7
Nintendo DS,NA,2016,NA,8
Playstation Portable,NA,2016,NA,9
Nintendo Wii,NA,2016,65187,10
Nintendo Switch,NA,2016,NA,11
PlayStation 4,17597946,2016.1,17590000,1
Xbox One,8383316,2016.1,8370000,2
Nintendo 3DS,7603582,2016.1,7590000,3
PlayStation Vita,2042403,2016.1,2040000,4
Nintendo Wii U,1159318,2016.1,1160000,5
PlayStation 3,537834,2016.1,520000,6
Xbox 360,407729,2016.1,390000,7
Nintendo DS,NA,2016.1,NA,8
Playstation Portable,NA,2016.1,NA,9
Nintendo Wii,NA,2016.1,NA,10
Nintendo Switch,NA,2016.1,NA,11
PlayStation 4,17603884,2016.2,17597946,1
Xbox One,8402605,2016.2,8383316,2
Nintendo 3DS,7611135,2016.2,7603582,3
PlayStation Vita,2058212,2016.2,2042403,4
Nintendo Wii U,1158450,2016.2,1159318,5
PlayStation 3,542183,2016.2,537834,6
Xbox 360,420825,2016.2,407729,7
Nintendo DS,NA,2016.2,NA,8
Playstation Portable,NA,2016.2,NA,9
Nintendo Wii,NA,2016.2,NA,10
Nintendo Switch,NA,2016.2,NA,11
PlayStation 4,17611619,2016.3,17603884,1
Xbox One,8408658,2016.3,8402605,2
Nintendo 3DS,7614373,2016.3,7611135,3
PlayStation Vita,2072646,2016.3,2058212,4
Nintendo Wii U,1158400,2016.3,1158450,5
PlayStation 3,561948,2016.3,542183,6
Xbox 360,431555,2016.3,420825,7
Nintendo DS,NA,2016.3,NA,8
Playstation Portable,NA,2016.3,NA,9
Nintendo Wii,NA,2016.3,NA,10
Nintendo Switch,NA,2016.3,NA,11
PlayStation 4,17624844,2016.4,17611619,1
Xbox One,8423995,2016.4,8408658,2
Nintendo 3DS,7629583,2016.4,7614373,3
PlayStation Vita,2083101,2016.4,2072646,4
Nintendo Wii U,1157476,2016.4,1158400,5
PlayStation 3,571684,2016.4,561948,6
Xbox 360,445821,2016.4,431555,7
Nintendo DS,NA,2016.4,NA,8
Playstation Portable,NA,2016.4,NA,9
Nintendo Wii,NA,2016.4,NA,10
Nintendo Switch,NA,2016.4,NA,11
PlayStation 4,17627223,2016.5,17624844,1
Xbox One,8425032,2016.5,8423995,2
Nintendo 3DS,7645988,2016.5,7629583,3
PlayStation Vita,2099378,2016.5,2083101,4
Nintendo Wii U,1157507,2016.5,1157476,5
PlayStation 3,573017,2016.5,571684,6
Xbox 360,448638,2016.5,445821,7
Nintendo DS,NA,2016.5,NA,8
Playstation Portable,NA,2016.5,NA,9
Nintendo Wii,NA,2016.5,NA,10
Nintendo Switch,NA,2016.5,NA,11
PlayStation 4,17636166,2016.6,17627223,1
Xbox One,8426101,2016.6,8425032,2
Nintendo 3DS,7654692,2016.6,7645988,3
PlayStation Vita,2112302,2016.6,2099378,4
Nintendo Wii U,1156556,2016.6,1157507,5
PlayStation 3,589439,2016.6,573017,6
Xbox 360,449099,2016.6,448638,7
Nintendo DS,NA,2016.6,NA,8
Playstation Portable,NA,2016.6,NA,9
Nintendo Wii,NA,2016.6,NA,10
Nintendo Switch,NA,2016.6,NA,11
PlayStation 4,17653025,2016.7,17636166,1
Xbox One,8437197,2016.7,8426101,2
Nintendo 3DS,7670953,2016.7,7654692,3
PlayStation Vita,2119528,2016.7,2112302,4
Nintendo Wii U,1155791,2016.7,1156556,5
PlayStation 3,608534,2016.7,589439,6
Xbox 360,459338,2016.7,449099,7
Nintendo DS,NA,2016.7,NA,8
Playstation Portable,NA,2016.7,NA,9
Nintendo Wii,NA,2016.7,NA,10
Nintendo Switch,NA,2016.7,NA,11
PlayStation 4,17664248,2016.8,17653025,1
Xbox One,8454345,2016.8,8437197,2
Nintendo 3DS,7690642,2016.8,7670953,3
PlayStation Vita,2125468,2016.8,2119528,4
Nintendo Wii U,1155019,2016.8,1155791,5
PlayStation 3,615809,2016.8,608534,6
Xbox 360,475784,2016.8,459338,7
Nintendo DS,NA,2016.8,NA,8
Playstation Portable,NA,2016.8,NA,9
Nintendo Wii,NA,2016.8,NA,10
Nintendo Switch,NA,2016.8,NA,11
PlayStation 4,17673606,2016.9,17664248,1
Xbox One,8460375,2016.9,8454345,2
Nintendo 3DS,7699990,2016.9,7690642,3
PlayStation Vita,2136441,2016.9,2125468,4
Nintendo Wii U,1155070,2016.9,1155019,5
PlayStation 3,622743,2016.9,615809,6
Xbox 360,485256,2016.9,475784,7
Nintendo DS,NA,2016.9,NA,8
Playstation Portable,NA,2016.9,NA,9
Nintendo Wii,NA,2016.9,NA,10
Nintendo Switch,NA,2016.9,NA,11
PlayStation 4,19640000,2017,17673606,1
Nintendo Switch,11850000,2017,NA,2
Xbox One,8210000,2017,8460375,3
Nintendo 3DS,6190000,2017,7699990,4
PlayStation Vita,720000,2017,2136441,5
PlayStation 3,110000,2017,622743,6
Nintendo Wii U,100000,2017,1155070,7
Xbox 360,60000,2017,485256,8
Nintendo DS,NA,2017,NA,9
Playstation Portable,NA,2017,NA,10
Nintendo Wii,NA,2017,NA,11
PlayStation 4,19635385,2017.1,19640000,1
Nintendo Switch,11849755,2017.1,11850000,2
Xbox One,8211802,2017.1,8210000,3
Nintendo 3DS,6192929,2017.1,6190000,4
PlayStation Vita,718465,2017.1,720000,5
PlayStation 3,128972,2017.1,110000,6
Nintendo Wii U,99454,2017.1,100000,7
Xbox 360,60762,2017.1,60000,8
Nintendo DS,NA,2017.1,NA,9
Playstation Portable,NA,2017.1,NA,10
Nintendo Wii,NA,2017.1,NA,11
PlayStation 4,19626226,2017.2,19635385,1
Nintendo Switch,11843323,2017.2,11849755,2
Xbox One,8205640,2017.2,8211802,3
Nintendo 3DS,6193667,2017.2,6192929,4
PlayStation Vita,709780,2017.2,718465,5
PlayStation 3,146313,2017.2,128972,6
Nintendo Wii U,99012,2017.2,99454,7
Xbox 360,62356,2017.2,60762,8
Nintendo DS,NA,2017.2,NA,9
Playstation Portable,NA,2017.2,NA,10
Nintendo Wii,NA,2017.2,NA,11
PlayStation 4,19617795,2017.3,19626226,1
Nintendo Switch,11837872,2017.3,11843323,2
Xbox One,8202163,2017.3,8205640,3
Nintendo 3DS,6188715,2017.3,6193667,4
PlayStation Vita,710927,2017.3,709780,5
PlayStation 3,160368,2017.3,146313,6
Nintendo Wii U,98498,2017.3,99012,7
Xbox 360,62495,2017.3,62356,8
Nintendo DS,NA,2017.3,NA,9
Playstation Portable,NA,2017.3,NA,10
Nintendo Wii,NA,2017.3,NA,11
PlayStation 4,19611789,2017.4,19617795,1
Nintendo Switch,11840815,2017.4,11837872,2
Xbox One,8196261,2017.4,8202163,3
Nintendo 3DS,6179157,2017.4,6188715,4
PlayStation Vita,704981,2017.4,710927,5
PlayStation 3,174463,2017.4,160368,6
Nintendo Wii U,97810,2017.4,98498,7
Xbox 360,63509,2017.4,62495,8
Nintendo DS,NA,2017.4,NA,9
Playstation Portable,NA,2017.4,NA,10
Nintendo Wii,NA,2017.4,NA,11
PlayStation 4,19610179,2017.5,19611789,1
Nintendo Switch,11841666,2017.5,11840815,2
Xbox One,8198843,2017.5,8196261,3
Nintendo 3DS,6175693,2017.5,6179157,4
PlayStation Vita,707909,2017.5,704981,5
PlayStation 3,184584,2017.5,174463,6
Nintendo Wii U,97289,2017.5,97810,7
Xbox 360,63905,2017.5,63509,8
Nintendo DS,NA,2017.5,NA,9
Playstation Portable,NA,2017.5,NA,10
Nintendo Wii,NA,2017.5,NA,11
PlayStation 4,19607454,2017.6,19610179,1
Nintendo Switch,11843356,2017.6,11841666,2
Xbox One,8195995,2017.6,8198843,3
Nintendo 3DS,6173148,2017.6,6175693,4
PlayStation Vita,707421,2017.6,707909,5
PlayStation 3,199442,2017.6,184584,6
Nintendo Wii U,96601,2017.6,97289,7
Xbox 360,65632,2017.6,63905,8
Nintendo DS,NA,2017.6,NA,9
Playstation Portable,NA,2017.6,NA,10
Nintendo Wii,NA,2017.6,NA,11
PlayStation 4,19600274,2017.7,19607454,1
Nintendo Switch,11840817,2017.7,11843356,2
Xbox One,8186713,2017.7,8195995,3
Nintendo 3DS,6173132,2017.7,6173148,4
PlayStation Vita,703889,2017.7,707421,5
PlayStation 3,216054,2017.7,199442,6
Nintendo Wii U,96634,2017.7,96601,7
Xbox 360,65824,2017.7,65632,8
Nintendo DS,NA,2017.7,NA,9
Playstation Portable,NA,2017.7,NA,10
Nintendo Wii,NA,2017.7,NA,11
PlayStation 4,19597059,2017.8,19600274,1
Nintendo Switch,11839166,2017.8,11840817,2
Xbox One,8179568,2017.8,8186713,3
Nintendo 3DS,6171222,2017.8,6173132,4
PlayStation Vita,699109,2017.8,703889,5
PlayStation 3,219754,2017.8,216054,6
Nintendo Wii U,96504,2017.8,96634,7
Xbox 360,66392,2017.8,65824,8
Nintendo DS,NA,2017.8,NA,9
Playstation Portable,NA,2017.8,NA,10
Nintendo Wii,NA,2017.8,NA,11
PlayStation 4,19589808,2017.9,19597059,1
Nintendo Switch,11835276,2017.9,11839166,2
Xbox One,8176065,2017.9,8179568,3
Nintendo 3DS,6166744,2017.9,6171222,4
PlayStation Vita,692287,2017.9,699109,5
PlayStation 3,219989,2017.9,219754,6
Nintendo Wii U,95640,2017.9,96504,7
Xbox 360,66519,2017.9,66392,8
Nintendo DS,NA,2017.9,NA,9
Playstation Portable,NA,2017.9,NA,10
Nintendo Wii,NA,2017.9,NA,11
PlayStation 4,18589808.4,2018,19589808,1
Nintendo Switch,17051233.5,2018,11835276,2
Xbox One,6969238.8,2018,8176065,3
Nintendo 3DS,3542165.3,2018,6166744,4
PlayStation Vita,221255.34,2018,692287,5
PlayStation 3,NA,2018,219989,6
Nintendo DS,NA,2018,NA,7
Playstation Portable,NA,2018,NA,8
Xbox 360,NA,2018,66519,9
Nintendo Wii,NA,2018,NA,10
Nintendo Wii U,NA,2018,95640,11
